country,coverage,year,passengers
AUT,INTL,2021,11070208
BEL,INTL,2021,13498653
BGR,INTL,2021,4929362
CHE,INTL,2021,19103238
CYP,INTL,2021,4992067
CZE,INTL,2021,4774946
DEU,INTL,2021,69021436
DNK,INTL,2021,9745933
EST,INTL,2021,1254290
GRC,INTL,2021,26440404
ESP,INTL,2021,66202316
FIN,INTL,2021,3686860
FRA,INTL,2021,47176004
HRV,INTL,2021,4223400
HUN,INTL,2021,4666929
IRL,INTL,2021,9068388
ISL,INTL,2021,2160270
ITA,INTL,2021,38752025
LTU,INTL,2021,2468999
LUX,INTL,2021,2002745
LVA,INTL,2021,2336103
MNE,INTL,2021,1309182
MKD,INTL,2021,1266230
MLT,INTL,2021,2551970
NLD,INTL,2021,29096127
NOR,INTL,2021,5137684
POL,INTL,2021,18200040
PRT,INTL,2021,19268268
ROU,INTL,2021,9738583
RS,INTL,2021,
SWE,INTL,2021,8632121
SVN,INTL,2021,419346
SVK,INTL,2021,645690
TUR,INTL,2021,59730611
GBR,INTL,2021,
AUT,"NAT",2021,117192
BEL,"NAT",2021,17610
BGR,"NAT",2021,216918
CHE,"NAT",2021,190171
CYP,"NAT",2021,1622
CZE,"NAT",2021,21613
DEU,"NAT",2021,4843450
DNK,"NAT",2021,1098962
EST,"NAT",2021,38688
GRC,"NAT",2021,5794792
ESP,"NAT",2021,25974207
FIN,"NAT",2021,911378
FRA,"NAT",2021,19122926
HRV,"NAT",2021,254759
HUN,"NAT",2021,2439
IRL,"NAT",2021,38305
ISL,"NAT",2021,278525
ITA,"NAT",2021,21124383
LTU,"NAT",2021,255
LUX,"NAT",2021,618
LVA,"NAT",2021,76
MNE,"NAT",2021,84
MKD,"NAT",2021,0
MLT,"NAT",2021,3
NLD,"NAT",2021,2709
NOR,"NAT",2021,9521828
POL,"NAT",2021,787277
PRT,"NAT",2021,3035895
ROU,"NAT",2021,681957
RS,"NAT",2021,
SWE,"NAT",2021,2217787
SVN,"NAT",2021,0
SVK,"NAT",2021,955
TUR,"NAT",2021,34436240
GBR,"NAT",2021,
AUT,TOTAL,2021,11187400
BEL,TOTAL,2021,13516263
BGR,TOTAL,2021,5146280
CHE,TOTAL,2021,19293409
CYP,TOTAL,2021,4993689
CZE,TOTAL,2021,4796559
DEU,TOTAL,2021,73864886
DNK,TOTAL,2021,10844895
EST,TOTAL,2021,1292978
GRC,TOTAL,2021,32235196
ESP,TOTAL,2021,92176523
FIN,TOTAL,2021,4598238
FRA,TOTAL,2021,66298930
HRV,TOTAL,2021,4478159
HUN,TOTAL,2021,4669368
IRL,TOTAL,2021,9106693
ISL,TOTAL,2021,2438795
ITA,TOTAL,2021,59876408
LTU,TOTAL,2021,2469254
LUX,TOTAL,2021,2003363
LVA,TOTAL,2021,2336179
MNE,TOTAL,2021,1309266
MKD,TOTAL,2021,1266230
MLT,TOTAL,2021,2551973
NLD,TOTAL,2021,29098836
NOR,TOTAL,2021,14659512
POL,TOTAL,2021,18987317
PRT,TOTAL,2021,22304163
ROU,TOTAL,2021,10420540
RS,TOTAL,2021,
SWE,TOTAL,2021,10849908
SVN,TOTAL,2021,419346
SVK,TOTAL,2021,646645
TUR,TOTAL,2021,94166851
GBR,TOTAL,2021,
AUT,INTL,2020,9052088
BEL,INTL,2020,9516881
BGR,INTL,2020,3601253
CHE,INTL,2020,15868501
CYP,INTL,2020,2327823
CZE,INTL,2020,3825006
DEU,INTL,2020,52080395
DNK,INTL,2020,7877582
EST,INTL,2020,834019
GRC,INTL,2020,13518570
ESP,INTL,2020,41086607
FIN,INTL,2020,4419051
FRA,INTL,2020,36437861
HRV,INTL,2020,1771520
HUN,INTL,2020,3964771
IRL,INTL,2020,8244980
ISL,INTL,2020,1370933
ITA,INTL,2020,28117179
LTU,INTL,2020,1807877
LUX,INTL,2020,1425588
LVA,INTL,2020,1991544
MNE,INTL,2020,521959
MKD,INTL,2020,709241
MLT,INTL,2020,1752445
NLD,INTL,2020,23599738
NOR,INTL,2020,5497458
POL,INTL,2020,13162828
PRT,INTL,2020,14612678
ROU,INTL,2020,6188444
RS,INTL,2020,1938464
SWE,INTL,2020,7332710
SVN,INTL,2020,287787
SVK,INTL,2020,501238
TUR,INTL,2020,31921055
GBR,INTL,2020,
AUT,"NAT",2020,147177
BEL,"NAT",2020,4782
BGR,"NAT",2020,136903
CHE,"NAT",2020,173296
CYP,"NAT",2020,0
CZE,"NAT",2020,9473
DEU,"NAT",2020,5958517
DNK,"NAT",2020,817601
EST,"NAT",2020,24146
GRC,"NAT",2020,3816053
ESP,"NAT",2020,16850053
FIN,"NAT",2020,1058560
FRA,"NAT",2020,14505472
HRV,"NAT",2020,186835
HUN,"NAT",2020,672
IRL,"NAT",2020,31783
ISL,"NAT",2020,160290
ITA,"NAT",2020,12565601
LTU,"NAT",2020,1229
LUX,"NAT",2020,595
LVA,"NAT",2020,3915
MNE,"NAT",2020,0
MKD,"NAT",2020,0
MLT,"NAT",2020,0
NLD,"NAT",2020,7050
NOR,"NAT",2020,8094169
POL,"NAT",2020,688342
PRT,"NAT",2020,1783632
ROU,"NAT",2020,438008
RS,"NAT",2020,52
SWE,"NAT",2020,2052130
SVN,"NAT",2020,0
SVK,"NAT",2020,512
TUR,"NAT",2020,24955987
GBR,"NAT",2020,
AUT,TOTAL,2020,9199265
BEL,TOTAL,2020,9521663
BGR,TOTAL,2020,3738156
CHE,TOTAL,2020,16041797
CYP,TOTAL,2020,2327823
CZE,TOTAL,2020,3834479
DEU,TOTAL,2020,58038912
DNK,TOTAL,2020,8695183
EST,TOTAL,2020,858165
GRC,TOTAL,2020,17334623
ESP,TOTAL,2020,57936660
FIN,TOTAL,2020,5477611
FRA,TOTAL,2020,50943333
HRV,TOTAL,2020,1958355
HUN,TOTAL,2020,3965443
IRL,TOTAL,2020,8276763
ISL,TOTAL,2020,1531223
ITA,TOTAL,2020,40682780
LTU,TOTAL,2020,1809106
LUX,TOTAL,2020,1426183
LVA,TOTAL,2020,1995459
MNE,TOTAL,2020,521959
MKD,TOTAL,2020,709241
MLT,TOTAL,2020,1752445
NLD,TOTAL,2020,23606788
NOR,TOTAL,2020,13591627
POL,TOTAL,2020,13851170
PRT,TOTAL,2020,16396310
ROU,TOTAL,2020,6626452
RS,TOTAL,2020,1938516
SWE,TOTAL,2020,9384840
SVN,TOTAL,2020,287787
SVK,TOTAL,2020,501750
TUR,TOTAL,2020,56877042
GBR,TOTAL,2020,
AUT,INTL,2019,35247830
BEL,INTL,2019,35484849
BGR,INTL,2019,11441445
CHE,INTL,2019,56576293
CYP,INTL,2019,11412108
CZE,INTL,2019,18810630
DEU,INTL,2019,204090113
DNK,INTL,2019,33004578
EST,INTL,2019,3227259
GRC,INTL,2019,47513377
ESP,INTL,2019,186007327
FIN,INTL,2019,20273300
FRA,INTL,2019,137303006
HRV,INTL,2019,10133094
HUN,INTL,2019,16730222
IRL,INTL,2019,37891183
ISL,INTL,2019,7257406
ITA,INTL,2019,128842457
LTU,INTL,2019,6509864
LUX,INTL,2019,4363982
LVA,INTL,2019,7770935
MNE,INTL,2019,2652770
MKD,INTL,2019,2353327
MLT,INTL,2019,7318187
NLD,INTL,2019,81272061
NOR,INTL,2019,24506750
POL,INTL,2019,44981905
PRT,INTL,2019,49675782
ROU,INTL,2019,20246708
RS,INTL,2019,6707114
SWE,INTL,2019,30837214
SVN,INTL,2019,1720491
SVK,INTL,2019,2844620
TUR,INTL,2019,108911278
GBR,INTL,2019,254509578
AUT,"NAT",2019,563959
BEL,"NAT",2019,10630
BGR,"NAT",2019,301075
CHE,"NAT",2019,691623
CYP,"NAT",2019,22
CZE,"NAT",2019,42556
DEU,"NAT",2019,23323490
DNK,"NAT",2019,1890330
EST,"NAT",2019,31064
GRC,"NAT",2019,8572291
ESP,"NAT",2019,42627071
FIN,"NAT",2019,3064954
FRA,"NAT",2019,32116174
HRV,"NAT",2019,554137
HUN,"NAT",2019,272
IRL,"NAT",2019,102730
ISL,"NAT",2019,327014
ITA,"NAT",2019,32548396
LTU,"NAT",2019,15
LUX,"NAT",2019,1587
LVA,"NAT",2019,15634
MNE,"NAT",2019,31
MKD,"NAT",2019,0
MLT,"NAT",2019,170
NLD,"NAT",2019,2220
NOR,"NAT",2019,16341949
POL,"NAT",2019,1978736
PRT,"NAT",2019,5016956
ROU,"NAT",2019,1339371
RS,"NAT",2019,103
SWE,"NAT",2019,7003695
SVN,"NAT",2019,0
SVK,"NAT",2019,2495
TUR,"NAT",2019,50245672
GBR,"NAT",2019,23039313
AUT,TOTAL,2019,35811789
BEL,TOTAL,2019,35495479
BGR,TOTAL,2019,11742520
CHE,TOTAL,2019,57267916
CYP,TOTAL,2019,11412130
CZE,TOTAL,2019,18853186
DEU,TOTAL,2019,227413603
DNK,TOTAL,2019,34894908
EST,TOTAL,2019,3258323
GRC,TOTAL,2019,56085668
ESP,TOTAL,2019,228634398
FIN,TOTAL,2019,23338254
FRA,TOTAL,2019,169419180
HRV,TOTAL,2019,10687231
HUN,TOTAL,2019,16730494
IRL,TOTAL,2019,37993913
ISL,TOTAL,2019,7584420
ITA,TOTAL,2019,161390853
LTU,TOTAL,2019,6509879
LUX,TOTAL,2019,4365569
LVA,TOTAL,2019,7786569
MNE,TOTAL,2019,2652801
MKD,TOTAL,2019,2353327
MLT,TOTAL,2019,7318357
NLD,TOTAL,2019,81274281
NOR,TOTAL,2019,40848699
POL,TOTAL,2019,46960641
PRT,TOTAL,2019,54692738
ROU,TOTAL,2019,21586079
RS,TOTAL,2019,6707217
SWE,TOTAL,2019,37840909
SVN,TOTAL,2019,1720491
SVK,TOTAL,2019,2847115
TUR,TOTAL,2019,159156950
GBR,TOTAL,2019,277548891
AUT,INTL,2018,30728886
BEL,INTL,2018,34563600
BGR,INTL,2018,11857897
CHE,INTL,2018,55469882
CYP,INTL,2018,11095887
CZE,INTL,2018,17804924
DEU,INTL,2018,199229020
DNK,INTL,2018,32838764
EST,INTL,2018,2968046
GRC,INTL,2018,45705260
ESP,INTL,2018,180781154
FIN,INTL,2018,19182352
FRA,INTL,2018,131248016
HRV,INTL,2018,9224863
HUN,INTL,2018,15209727
IRL,INTL,2018,36355730
ISL,INTL,2018,9802546
ITA,INTL,2018,121841637
LTU,INTL,2018,6259221
LUX,INTL,2018,3988047
LVA,INTL,2018,7028444
MNE,INTL,2018,2440486
MKD,INTL,2018,2152746
MLT,INTL,2018,6805283
NLD,INTL,2018,79858025
NOR,INTL,2018,24106143
POL,INTL,2018,41846920
PRT,INTL,2018,45858271
ROU,INTL,2018,18427859
RS,INTL,2018,5520663
SWE,INTL,2018,31477580
SVN,INTL,2018,1810567
SVK,INTL,2018,2786726
TUR,INTL,2018,98056142
GBR,INTL,2018,248675682
AUT,"NAT",2018,605991
BEL,"NAT",2018,9150
BGR,"NAT",2018,323478
CHE,"NAT",2018,722225
CYP,"NAT",2018,1
CZE,"NAT",2018,89017
DEU,"NAT",2018,23788036
DNK,"NAT",2018,1951008
EST,"NAT",2018,27784
GRC,"NAT",2018,8549772
ESP,"NAT",2018,39972242
FIN,"NAT",2018,3086488
FRA,"NAT",2018,31599007
HRV,"NAT",2018,573815
HUN,"NAT",2018,2628
IRL,"NAT",2018,104038
ISL,"NAT",2018,364821
ITA,"NAT",2018,32304585
LTU,"NAT",2018,422
LUX,"NAT",2018,757
LVA,"NAT",2018,10672
MNE,"NAT",2018,0
MKD,"NAT",2018,0
MLT,"NAT",2018,360
NLD,"NAT",2018,4192
NOR,"NAT",2018,16425801
POL,"NAT",2018,1907198
PRT,"NAT",2018,5091646
ROU,"NAT",2018,1442815
RS,"NAT",2018,587
SWE,"NAT",2018,7706047
SVN,"NAT",2018,0
SVK,"NAT",2018,27604
TUR,"NAT",2018,56674673
GBR,"NAT",2018,23710662
AUT,TOTAL,2018,31334877
BEL,TOTAL,2018,34572750
BGR,TOTAL,2018,12181375
CHE,TOTAL,2018,56192107
CYP,TOTAL,2018,11095888
CZE,TOTAL,2018,17893941
DEU,TOTAL,2018,223017056
DNK,TOTAL,2018,34789772
EST,TOTAL,2018,2995830
GRC,TOTAL,2018,54255032
ESP,TOTAL,2018,220753396
FIN,TOTAL,2018,22268840
FRA,TOTAL,2018,162847023
HRV,TOTAL,2018,9798678
HUN,TOTAL,2018,15212355
IRL,TOTAL,2018,36459768
ISL,TOTAL,2018,10167367
ITA,TOTAL,2018,154146222
LTU,TOTAL,2018,6259643
LUX,TOTAL,2018,3988804
LVA,TOTAL,2018,7039116
MNE,TOTAL,2018,2440486
MKD,TOTAL,2018,2152746
MLT,TOTAL,2018,6805643
NLD,TOTAL,2018,79862217
NOR,TOTAL,2018,40531944
POL,TOTAL,2018,43754118
PRT,TOTAL,2018,50949917
ROU,TOTAL,2018,19870674
RS,TOTAL,2018,5521250
SWE,TOTAL,2018,39183627
SVN,TOTAL,2018,1810567
SVK,TOTAL,2018,2814330
TUR,TOTAL,2018,154730815
GBR,TOTAL,2018,272386344
AUT,INTL,2017,27994819
BEL,INTL,2017,33267929
BGR,INTL,2017,10850154
CHE,INTL,2017,52884886
CYP,INTL,2017,10435301
CZE,INTL,2017,16244047
DEU,INTL,2017,189076566
DNK,INTL,2017,31376209
EST,INTL,2017,2612332
GRC,INTL,2017,41836385
ESP,INTL,2017,173996629
FIN,INTL,2017,17288844
FRA,INTL,2017,124415358
HRV,INTL,2017,8312349
HUN,INTL,2017,13379800
IRL,INTL,2017,34296853
ISL,INTL,2017,8317397
ITA,INTL,2017,113680443
LTU,INTL,2017,5250246
LUX,INTL,2017,3553631
LVA,INTL,2017,6091132
MNE,INTL,2017,2173377
MKD,INTL,2017,1861282
MLT,INTL,2017,6007710
NLD,INTL,2017,76597658
NOR,INTL,2017,23167154
POL,INTL,2017,35510918
PRT,INTL,2017,42609477
ROU,INTL,2017,16594569
RS,INTL,2017,4828120
SWE,INTL,2017,30656993
SVN,INTL,2017,1682705
SVK,INTL,2017,2401867
TUR,INTL,2017,84111362
GBR,INTL,2017,241387460
AUT,"NAT",2017,556497
BEL,"NAT",2017,9900
BGR,"NAT",2017,292447
CHE,"NAT",2017,733800
CYP,"NAT",2017,76
CZE,"NAT",2017,82457
DEU,"NAT",2017,23995949
DNK,"NAT",2017,1955930
EST,"NAT",2017,24524
GRC,"NAT",2017,8332976
ESP,"NAT",2017,36161816
FIN,"NAT",2017,2829271
FRA,"NAT",2017,30556368
HRV,"NAT",2017,569273
HUN,"NAT",2017,36
IRL,"NAT",2017,88974
ISL,"NAT",2017,5246
ITA,"NAT",2017,31215024
LTU,"NAT",2017,247
LUX,"NAT",2017,1099
LVA,"NAT",2017,6349
MNE,"NAT",2017,117
MKD,"NAT",2017,0
MLT,"NAT",2017,7
NLD,"NAT",2017,10545
NOR,"NAT",2017,16180313
POL,"NAT",2017,2221966
PRT,"NAT",2017,4821555
ROU,"NAT",2017,1413846
RS,"NAT",2017,51
SWE,"NAT",2017,7971371
SVN,"NAT",2017,0
SVK,"NAT",2017,32134
TUR,"NAT",2017,55060481
GBR,"NAT",2017,23479804
AUT,TOTAL,2017,28551316
BEL,TOTAL,2017,33277829
BGR,TOTAL,2017,11142601
CHE,TOTAL,2017,53618686
CYP,TOTAL,2017,10435377
CZE,TOTAL,2017,16326504
DEU,TOTAL,2017,213072515
DNK,TOTAL,2017,33332139
EST,TOTAL,2017,2636856
GRC,TOTAL,2017,50169361
ESP,TOTAL,2017,210158445
FIN,TOTAL,2017,20118115
FRA,TOTAL,2017,154971726
HRV,TOTAL,2017,8881622
HUN,TOTAL,2017,13379836
IRL,TOTAL,2017,34385827
ISL,TOTAL,2017,8322643
ITA,TOTAL,2017,144895467
LTU,TOTAL,2017,5250493
LUX,TOTAL,2017,3554730
LVA,TOTAL,2017,6097481
MNE,TOTAL,2017,2173494
MKD,TOTAL,2017,1861282
MLT,TOTAL,2017,6007717
NLD,TOTAL,2017,76608203
NOR,TOTAL,2017,39347467
POL,TOTAL,2017,37732884
PRT,TOTAL,2017,47431032
ROU,TOTAL,2017,18008415
RS,TOTAL,2017,4828171
SWE,TOTAL,2017,38628364
SVN,TOTAL,2017,1682705
SVK,TOTAL,2017,2434001
TUR,TOTAL,2017,139171843
GBR,TOTAL,2017,264867264
AUT,INTL,2016,26860130
BEL,INTL,2016,30194517
BGR,INTL,2016,9200728
CHE,INTL,2016,49819683
CYP,INTL,2016,9097037
CZE,INTL,2016,13727054
DEU,INTL,2016,177485616
DNK,INTL,2016,30839673
EST,INTL,2016,2198430
GRC,INTL,2016,37367190
ESP,INTL,2016,160799695
FIN,INTL,2016,15401714
FRA,INTL,2016,116669831
HRV,INTL,2016,6971351
HUN,INTL,2016,11694310
IRL,INTL,2016,32602662
ISL,INTL,2016,6815439
ITA,INTL,2016,104861128
LTU,INTL,2016,4793082
LUX,INTL,2016,2983570
LVA,INTL,2016,5410160
MNE,INTL,2016,1845394
MKD,INTL,2016,1649374
MLT,INTL,2016,5080100
NLD,INTL,2016,70609496
NOR,INTL,2016,22566742
POL,INTL,2016,30474443
PRT,INTL,2016,36342474
ROU,INTL,2016,14291502
RS,INTL,2016,4414849
SWE,INTL,2016,28317213
SVN,INTL,2016,1405510
SVK,INTL,2016,2170173
TUR,INTL,2016,71453397
GBR,INTL,2016,225937301
AUT,"NAT",2016,522133
BEL,"NAT",2016,12618
BGR,"NAT",2016,176591
CHE,"NAT",2016,746804
CYP,"NAT",2016,4074
CZE,"NAT",2016,103073
DEU,"NAT",2016,23969317
DNK,"NAT",2016,2029803
EST,"NAT",2016,17361
GRC,"NAT",2016,8174331
ESP,"NAT",2016,33429249
FIN,"NAT",2016,2695394
FRA,"NAT",2016,29433125
HRV,"NAT",2016,539131
HUN,"NAT",2016,195
IRL,"NAT",2016,86745
ISL,"NAT",2016,0
ITA,"NAT",2016,30285009
LTU,"NAT",2016,459
LUX,"NAT",2016,672
LVA,"NAT",2016,974
MNE,"NAT",2016,70
MKD,"NAT",2016,0
MLT,"NAT",2016,346
NLD,"NAT",2016,13343
NOR,"NAT",2016,15772771
POL,"NAT",2016,1867206
PRT,"NAT",2016,4261902
ROU,"NAT",2016,923919
RS,"NAT",2016,14
SWE,"NAT",2016,7759597
SVN,"NAT",2016,0
SVK,"NAT",2016,31807
TUR,"NAT",2016,51583705
GBR,"NAT",2016,23138911
AUT,TOTAL,2016,27382263
BEL,TOTAL,2016,30207135
BGR,TOTAL,2016,9377319
CHE,TOTAL,2016,50566487
CYP,TOTAL,2016,9101111
CZE,TOTAL,2016,13830127
DEU,TOTAL,2016,201454933
DNK,TOTAL,2016,32869476
EST,TOTAL,2016,2215791
GRC,TOTAL,2016,45541521
ESP,TOTAL,2016,194228944
FIN,TOTAL,2016,18097108
FRA,TOTAL,2016,146102956
HRV,TOTAL,2016,7510482
HUN,TOTAL,2016,11694505
IRL,TOTAL,2016,32689407
ISL,TOTAL,2016,6815439
ITA,TOTAL,2016,135146137
LTU,TOTAL,2016,4793541
LUX,TOTAL,2016,2984242
LVA,TOTAL,2016,5411134
MNE,TOTAL,2016,1845464
MKD,TOTAL,2016,1649374
MLT,TOTAL,2016,5080446
NLD,TOTAL,2016,70622839
NOR,TOTAL,2016,38339513
POL,TOTAL,2016,32341649
PRT,TOTAL,2016,40604376
ROU,TOTAL,2016,15215421
RS,TOTAL,2016,4414863
SWE,TOTAL,2016,36076810
SVN,TOTAL,2016,1405510
SVK,TOTAL,2016,2201980
TUR,TOTAL,2016,123037102
GBR,TOTAL,2016,249076212
AUT,INTL,2015,26416153
BEL,INTL,2015,31325457
BGR,INTL,2015,7517041
CHE,INTL,2015,47426275
CYP,INTL,2015,7753676
CZE,INTL,2015,12806901
DEU,INTL,2015,171397627
DNK,INTL,2015,28380422
EST,INTL,2015,2142419
GRC,INTL,2015,34614396
ESP,INTL,2015,144150799
FIN,INTL,2015,14872741
FRA,INTL,2015,113014396
HRV,INTL,2015,6090953
HUN,INTL,2015,10228352
IRL,INTL,2015,29531542
ISL,INTL,2015,4855832
ITA,INTL,2015,98697826
LTU,INTL,2015,4231607
LUX,INTL,2015,2650790
LVA,INTL,2015,5166220
MNE,INTL,2015,
MKD,INTL,2015,1452373
MLT,INTL,2015,4618642
NLD,INTL,2015,64903756
NOR,INTL,2015,22468312
POL,INTL,2015,27347743
PRT,INTL,2015,32183002
ROU,INTL,2015,12123339
RS,INTL,2015,
SWE,INTL,2015,26639371
SVN,INTL,2015,1440473
SVK,INTL,2015,1946947
TUR,INTL,2015,84174657
GBR,INTL,2015,209609283
AUT,"NAT",2015,565809
BEL,"NAT",2015,28493
BGR,"NAT",2015,174233
CHE,"NAT",2015,665894
CYP,"NAT",2015,6434
CZE,"NAT",2015,150395
DEU,"NAT",2015,23343425
DNK,"NAT",2015,1968690
EST,"NAT",2015,19559
GRC,"NAT",2015,7474001
ESP,"NAT",2015,30880817
FIN,"NAT",2015,2602612
FRA,"NAT",2015,28680322
HRV,"NAT",2015,517639
HUN,"NAT",2015,0
IRL,"NAT",2015,79591
ISL,"NAT",2015,0
ITA,"NAT",2015,29755048
LTU,"NAT",2015,885
LUX,"NAT",2015,961
LVA,"NAT",2015,174
MNE,"NAT",2015,
MKD,"NAT",2015,0
MLT,"NAT",2015,259
NLD,"NAT",2015,12391
NOR,"NAT",2015,15637751
POL,"NAT",2015,1626907
PRT,"NAT",2015,3466547
ROU,"NAT",2015,536700
RS,"NAT",2015,
SWE,"NAT",2015,7538173
SVN,"NAT",2015,132
SVK,"NAT",2015,28108
TUR,"NAT",2015,48794653
GBR,"NAT",2015,22914894
AUT,TOTAL,2015,26981962
BEL,TOTAL,2015,31353950
BGR,TOTAL,2015,7691274
CHE,TOTAL,2015,48092169
CYP,TOTAL,2015,7760110
CZE,TOTAL,2015,12957296
DEU,TOTAL,2015,194741052
DNK,TOTAL,2015,30349112
EST,TOTAL,2015,2161978
GRC,TOTAL,2015,42088397
ESP,TOTAL,2015,175031616
FIN,TOTAL,2015,17475353
FRA,TOTAL,2015,141694718
HRV,TOTAL,2015,6608592
HUN,TOTAL,2015,10228352
IRL,TOTAL,2015,29611133
ISL,TOTAL,2015,4855832
ITA,TOTAL,2015,128452874
LTU,TOTAL,2015,4232492
LUX,TOTAL,2015,2651751
LVA,TOTAL,2015,5166394
MNE,TOTAL,2015,
MKD,TOTAL,2015,1452373
MLT,TOTAL,2015,4618901
NLD,TOTAL,2015,64916147
NOR,TOTAL,2015,38106063
POL,TOTAL,2015,28974650
PRT,TOTAL,2015,35649549
ROU,TOTAL,2015,12660039
RS,TOTAL,2015,
SWE,TOTAL,2015,34177544
SVN,TOTAL,2015,1440605
SVK,TOTAL,2015,1975055
TUR,TOTAL,2015,132969310
GBR,TOTAL,2015,232524177
AUT,INTL,2014,25949658
BEL,INTL,2014,29055503
BGR,INTL,2014,7370612
CHE,INTL,2014,45600014
CYP,INTL,2014,7428444
CZE,INTL,2014,12082755
DEU,INTL,2014,164281885
DNK,INTL,2014,27274611
EST,INTL,2014,2003176
GRC,INTL,2014,32850677
ESP,INTL,2014,136518108
FIN,INTL,2014,14652958
FRA,INTL,2014,108764391
HRV,INTL,2014,5637259
HUN,INTL,2014,9054689
IRL,INTL,2014,26278895
ISL,INTL,2014,3867735
ITA,INTL,2014,92047013
LTU,INTL,2014,3823833
LUX,INTL,2014,2433356
LVA,INTL,2014,4822683
MNE,INTL,2014,
MKD,INTL,2014,
MLT,INTL,2014,4286622
NLD,INTL,2014,61157323
NOR,INTL,2014,22430904
POL,INTL,2014,24219011
PRT,INTL,2014,29465810
ROU,INTL,2014,10485865
RS,INTL,2014,
SWE,INTL,2014,25475193
SVN,INTL,2014,1307550
SVK,INTL,2014,1661004
TUR,INTL,2014,80665914
GBR,INTL,2014,198331444
AUT,"NAT",2014,616394
BEL,"NAT",2014,46558
BGR,"NAT",2014,177997
CHE,"NAT",2014,611910
CYP,"NAT",2014,11
CZE,"NAT",2014,127801
DEU,"NAT",2014,23062317
DNK,"NAT",2014,1999491
EST,"NAT",2014,16630
GRC,"NAT",2014,6265654
ESP,"NAT",2014,29192848
FIN,"NAT",2014,2558976
FRA,"NAT",2014,28408936
HRV,"NAT",2014,520586
HUN,"NAT",2014,159
IRL,"NAT",2014,67913
ISL,"NAT",2014,0
ITA,"NAT",2014,27387041
LTU,"NAT",2014,1055
LUX,"NAT",2014,610
LVA,"NAT",2014,145
MNE,"NAT",2014,
MKD,"NAT",2014,
MLT,"NAT",2014,4
NLD,"NAT",2014,6313
NOR,"NAT",2014,15641988
POL,"NAT",2014,1524010
PRT,"NAT",2014,2793774
ROU,"NAT",2014,529111
RS,"NAT",2014,
SWE,"NAT",2014,7479950
SVN,"NAT",2014,0
SVK,"NAT",2014,26768
TUR,"NAT",2014,43018277
GBR,"NAT",2014,21963781
AUT,TOTAL,2014,26566052
BEL,TOTAL,2014,29102061
BGR,TOTAL,2014,7548609
CHE,TOTAL,2014,46211924
CYP,TOTAL,2014,7428455
CZE,TOTAL,2014,12210556
DEU,TOTAL,2014,187344202
DNK,TOTAL,2014,29274102
EST,TOTAL,2014,2019806
GRC,TOTAL,2014,39116331
ESP,TOTAL,2014,165710956
FIN,TOTAL,2014,17211934
FRA,TOTAL,2014,137173327
HRV,TOTAL,2014,6157845
HUN,TOTAL,2014,9054848
IRL,TOTAL,2014,26346808
ISL,TOTAL,2014,3867735
ITA,TOTAL,2014,119434054
LTU,TOTAL,2014,3824888
LUX,TOTAL,2014,2433966
LVA,TOTAL,2014,4822828
MNE,TOTAL,2014,
MKD,TOTAL,2014,
MLT,TOTAL,2014,4286626
NLD,TOTAL,2014,61163636
NOR,TOTAL,2014,38072892
POL,TOTAL,2014,25743021
PRT,TOTAL,2014,32259584
ROU,TOTAL,2014,11014976
RS,TOTAL,2014,
SWE,TOTAL,2014,32955143
SVN,TOTAL,2014,1307550
SVK,TOTAL,2014,1687772
TUR,TOTAL,2014,123684191
GBR,TOTAL,2014,220295225
AUT,INTL,2013,25173359
BEL,INTL,2013,26551181
BGR,INTL,2013,6909907
CHE,INTL,2013,43733619
CYP,INTL,2013,7139914
CZE,INTL,2013,11903068
DEU,INTL,2013,158975815
DNK,INTL,2013,25657708
EST,INTL,2013,1939418
GRC,INTL,2013,28825829
ESP,INTL,2013,129496530
FIN,INTL,2013,14132032
FRA,INTL,2013,104374028
HRV,INTL,2013,5233405
HUN,INTL,2013,8440890
IRL,INTL,2013,24573007
ISL,INTL,2013,3207445
ITA,INTL,2013,87702097
LTU,INTL,2013,3502247
LUX,INTL,2013,2167783
LVA,INTL,2013,4803110
MNE,INTL,2013,
MKD,INTL,2013,
MLT,INTL,2013,4031518
NLD,INTL,2013,58306836
NOR,INTL,2013,21733386
POL,INTL,2013,22049110
PRT,INTL,2013,26742920
ROU,INTL,2013,9524240
RS,INTL,2013,
SWE,INTL,2013,24464805
SVN,INTL,2013,1269192
SVK,INTL,2013,1541980
TUR,INTL,2013,73921136
GBR,INTL,2013,189305346
AUT,"NAT",2013,653671
BEL,"NAT",2013,50524
BGR,"NAT",2013,196632
CHE,"NAT",2013,604402
CYP,"NAT",2013,122
CZE,"NAT",2013,124469
DEU,"NAT",2013,22903919
DNK,"NAT",2013,1917823
EST,"NAT",2013,19204
GRC,"NAT",2013,5197508
ESP,"NAT",2013,28575596
FIN,"NAT",2013,2474751
FRA,"NAT",2013,29182871
HRV,"NAT",2013,513764
HUN,"NAT",2013,314
IRL,"NAT",2013,71839
ISL,"NAT",2013,0
ITA,"NAT",2013,28637659
LTU,"NAT",2013,145
LUX,"NAT",2013,1315
LVA,"NAT",2013,278
MNE,"NAT",2013,
MKD,"NAT",2013,
MLT,"NAT",2013,330
NLD,"NAT",2013,9403
NOR,"NAT",2013,15496104
POL,"NAT",2013,1249294
PRT,"NAT",2013,2709038
ROU,"NAT",2013,580570
RS,"NAT",2013,
SWE,"NAT",2013,7189879
SVN,"NAT",2013,0
SVK,"NAT",2013,20424
TUR,"NAT",2013,38294580
GBR,"NAT",2013,21479446
AUT,TOTAL,2013,25827030
BEL,TOTAL,2013,26601705
BGR,TOTAL,2013,7106539
CHE,TOTAL,2013,44338021
CYP,TOTAL,2013,7140036
CZE,TOTAL,2013,12027537
DEU,TOTAL,2013,181879734
DNK,TOTAL,2013,27575531
EST,TOTAL,2013,1958622
GRC,TOTAL,2013,34023337
ESP,TOTAL,2013,158072126
FIN,TOTAL,2013,16606783
FRA,TOTAL,2013,133556899
HRV,TOTAL,2013,5747169
HUN,TOTAL,2013,8441204
IRL,TOTAL,2013,24644846
ISL,TOTAL,2013,3207445
ITA,TOTAL,2013,116339756
LTU,TOTAL,2013,3502392
LUX,TOTAL,2013,2169098
LVA,TOTAL,2013,4803388
MNE,TOTAL,2013,
MKD,TOTAL,2013,
MLT,TOTAL,2013,4031848
NLD,TOTAL,2013,58316239
NOR,TOTAL,2013,37229490
POL,TOTAL,2013,23298404
PRT,TOTAL,2013,29451958
ROU,TOTAL,2013,10104810
RS,TOTAL,2013,
SWE,TOTAL,2013,31654684
SVN,TOTAL,2013,1269192
SVK,TOTAL,2013,1562404
TUR,TOTAL,2013,112215716
GBR,TOTAL,2013,210784792
AUT,INTL,2012,25385990
BEL,INTL,2012,26119018
BGR,INTL,2012,6636210
CHE,INTL,2012,42726100
CYP,INTL,2012,7327758
CZE,INTL,2012,11694723
DEU,INTL,2012,156421348
DNK,INTL,2012,24717289
EST,INTL,2012,2177416
GRC,INTL,2012,26763377
ESP,INTL,2012,127171167
FIN,INTL,2012,13760952
FRA,INTL,2012,102160963
HRV,INTL,2012,4924639
HUN,INTL,2012,8429843
IRL,INTL,2012,23563380
ISL,INTL,2012,2758847
ITA,INTL,2012,86756209
LTU,INTL,2012,3173414
LUX,INTL,2012,1893174
LVA,INTL,2012,4776968
MNE,INTL,2012,
MKD,INTL,2012,
MLT,INTL,2012,3649868
NLD,INTL,2012,55938378
NOR,INTL,2012,19847290
POL,INTL,2012,20040715
PRT,INTL,2012,25242663
ROU,INTL,2012,9072093
RS,INTL,2012,
SWE,INTL,2012,23398939
SVN,INTL,2012,1168261
SVK,INTL,2012,1539594
TUR,INTL,2012,66088567
GBR,INTL,2012,182524811
AUT,"NAT",2012,696787
BEL,"NAT",2012,59068
BGR,"NAT",2012,214716
CHE,"NAT",2012,635671
CYP,"NAT",2012,5
CZE,"NAT",2012,232558
DEU,"NAT",2012,23833715
DNK,"NAT",2012,1942877
EST,"NAT",2012,25085
GRC,"NAT",2012,5318293
ESP,"NAT",2012,33214722
FIN,"NAT",2012,2753963
FRA,"NAT",2012,28702102
HRV,"NAT",2012,540313
HUN,"NAT",2012,0
IRL,"NAT",2012,64304
ISL,"NAT",2012,0
ITA,"NAT",2012,30573034
LTU,"NAT",2012,365
LUX,"NAT",2012,814
LVA,"NAT",2012,335
MNE,"NAT",2012,
MKD,"NAT",2012,
MLT,"NAT",2012,419
NLD,"NAT",2012,8005
NOR,"NAT",2012,15349782
POL,"NAT",2012,1830361
PRT,"NAT",2012,2683784
ROU,"NAT",2012,671151
RS,"NAT",2012,
SWE,"NAT",2012,7157495
SVN,"NAT",2012,0
SVK,"NAT",2012,29667
TUR,"NAT",2012,32749003
GBR,"NAT",2012,20984613
AUT,TOTAL,2012,26082777
BEL,TOTAL,2012,26178086
BGR,TOTAL,2012,6850926
CHE,TOTAL,2012,43361771
CYP,TOTAL,2012,7327763
CZE,TOTAL,2012,11927281
DEU,TOTAL,2012,180255063
DNK,TOTAL,2012,26660166
EST,TOTAL,2012,2202501
GRC,TOTAL,2012,32081670
ESP,TOTAL,2012,160385889
FIN,TOTAL,2012,16514915
FRA,TOTAL,2012,130863065
HRV,TOTAL,2012,5464952
HUN,TOTAL,2012,8429843
IRL,TOTAL,2012,23627684
ISL,TOTAL,2012,2758847
ITA,TOTAL,2012,117329243
LTU,TOTAL,2012,3173779
LUX,TOTAL,2012,1893988
LVA,TOTAL,2012,4777303
MNE,TOTAL,2012,
MKD,TOTAL,2012,
MLT,TOTAL,2012,3650287
NLD,TOTAL,2012,55946383
NOR,TOTAL,2012,35197072
POL,TOTAL,2012,21871076
PRT,TOTAL,2012,27926447
ROU,TOTAL,2012,9743244
RS,TOTAL,2012,
SWE,TOTAL,2012,30556434
SVN,TOTAL,2012,1168261
SVK,TOTAL,2012,1569261
TUR,TOTAL,2012,98837570
GBR,TOTAL,2012,203509424
AUT,INTL,2011,24555521
BEL,INTL,2011,25336994
BGR,INTL,2011,6464139
CHE,INTL,2011,40881627
CYP,INTL,2011,7215044
CZE,INTL,2011,12595133
DEU,INTL,2011,152357009
DNK,INTL,2011,23558726
EST,INTL,2011,1879236
GRC,INTL,2011,28019826
ESP,INTL,2011,127724021
FIN,INTL,2011,13638998
FRA,INTL,2011,98917625
HRV,INTL,2011,4506664
HUN,INTL,2011,8884522
IRL,INTL,2011,23238447
ISL,INTL,2011,2476808
ITA,INTL,2011,85357887
LTU,INTL,2011,2700931
LUX,INTL,2011,1836214
LVA,INTL,2011,5114240
MNE,INTL,2011,
MKD,INTL,2011,
MLT,INTL,2011,3506516
NLD,INTL,2011,54192087
NOR,INTL,2011,18320094
POL,INTL,2011,19508297
PRT,INTL,2011,24542380
ROU,INTL,2011,9019965
RS,INTL,2011,
SWE,INTL,2011,22885441
SVN,INTL,2011,1359527
SVK,INTL,2011,1778834
TUR,INTL,2011,
GBR,INTL,2011,180772668
AUT,"NAT",2011,729083
BEL,"NAT",2011,59088
BGR,"NAT",2011,215083
CHE,"NAT",2011,674191
CYP,"NAT",2011,6347
CZE,"NAT",2011,229762
DEU,"NAT",2011,24766070
DNK,"NAT",2011,2389498
EST,"NAT",2011,28966
GRC,"NAT",2011,5750635
ESP,"NAT",2011,37943759
FIN,"NAT",2011,2809437
FRA,"NAT",2011,28261763
HRV,"NAT",2011,540349
HUN,"NAT",2011,315
IRL,"NAT",2011,127650
ISL,"NAT",2011,0
ITA,"NAT",2011,32133993
LTU,"NAT",2011,279
LUX,"NAT",2011,547
LVA,"NAT",2011,418
MNE,"NAT",2011,
MKD,"NAT",2011,
MLT,"NAT",2011,116
NLD,"NAT",2011,6790
NOR,"NAT",2011,14639052
POL,"NAT",2011,1167998
PRT,"NAT",2011,2704361
ROU,"NAT",2011,747839
RS,"NAT",2011,
SWE,"NAT",2011,7064489
SVN,"NAT",2011,119
SVK,"NAT",2011,35321
TUR,"NAT",2011,
GBR,"NAT",2011,21183428
AUT,TOTAL,2011,25284604
BEL,TOTAL,2011,25396082
BGR,TOTAL,2011,6679222
CHE,TOTAL,2011,41555818
CYP,TOTAL,2011,7221391
CZE,TOTAL,2011,12824895
DEU,TOTAL,2011,177123079
DNK,TOTAL,2011,25948224
EST,TOTAL,2011,1908202
GRC,TOTAL,2011,33770461
ESP,TOTAL,2011,165667780
FIN,TOTAL,2011,16448435
FRA,TOTAL,2011,127179388
HRV,TOTAL,2011,5047013
HUN,TOTAL,2011,8884837
IRL,TOTAL,2011,23366097
ISL,TOTAL,2011,2476808
ITA,TOTAL,2011,117491880
LTU,TOTAL,2011,2701210
LUX,TOTAL,2011,1836761
LVA,TOTAL,2011,5114658
MNE,TOTAL,2011,
MKD,TOTAL,2011,
MLT,TOTAL,2011,3506632
NLD,TOTAL,2011,54198877
NOR,TOTAL,2011,32959146
POL,TOTAL,2011,20676295
PRT,TOTAL,2011,27246741
ROU,TOTAL,2011,9767804
RS,TOTAL,2011,
SWE,TOTAL,2011,29949930
SVN,TOTAL,2011,1359646
SVK,TOTAL,2011,1814155
TUR,TOTAL,2011,
GBR,TOTAL,2011,201956096
AUT,INTL,2010,22844463
BEL,INTL,2010,22966969
BGR,INTL,2010,6017238
CHE,INTL,2010,37057725
CYP,INTL,2010,7200333
CZE,INTL,2010,12081631
DEU,INTL,2010,144032108
DNK,INTL,2010,22040585
EST,INTL,2010,1360004
GRC,INTL,2010,26236467
ESP,INTL,2010,115705272
FIN,INTL,2010,11951677
FRA,INTL,2010,93238240
HRV,INTL,2010,4264025
HUN,INTL,2010,8174510
IRL,INTL,2010,22766571
ISL,INTL,2010,2075847
ITA,INTL,2010,80423433
LTU,INTL,2010,2330245
LUX,INTL,2010,1605156
LVA,INTL,2010,4669327
MNE,INTL,2010,
MKD,INTL,2010,
MLT,INTL,2010,3293539
NLD,INTL,2010,48891794
NOR,INTL,2010,16598593
POL,INTL,2010,17438019
PRT,INTL,2010,22561917
ROU,INTL,2010,8163400
RS,INTL,2010,
SWE,INTL,2010,20615683
SVN,INTL,2010,1382894
SVK,INTL,2010,1845334
TUR,INTL,2010,
GBR,INTL,2010,172260436
AUT,"NAT",2010,859704
BEL,"NAT",2010,77394
BGR,"NAT",2010,195439
CHE,"NAT",2010,681284
CYP,"NAT",2010,30713
CZE,"NAT",2010,345454
DEU,"NAT",2010,24771715
DNK,"NAT",2010,2419989
EST,"NAT",2010,24654
GRC,"NAT",2010,6389052
ESP,"NAT",2010,38210431
FIN,"NAT",2010,2322159
FRA,"NAT",2010,26780865
HRV,"NAT",2010,474333
HUN,"NAT",2010,0
IRL,"NAT",2010,398843
ISL,"NAT",2010,0
ITA,"NAT",2010,30315655
LTU,"NAT",2010,578
LUX,"NAT",2010,826
LVA,"NAT",2010,294
MNE,"NAT",2010,
MKD,"NAT",2010,
MLT,"NAT",2010,9
NLD,"NAT",2010,14048
NOR,"NAT",2010,13383127
POL,"NAT",2010,995965
PRT,"NAT",2010,2880527
ROU,"NAT",2010,759448
RS,"NAT",2010,
SWE,"NAT",2010,6249759
SVN,"NAT",2010,83
SVK,"NAT",2010,42316
TUR,"NAT",2010,
GBR,"NAT",2010,21273524
AUT,TOTAL,2010,23704167
BEL,TOTAL,2010,23044363
BGR,TOTAL,2010,6212677
CHE,TOTAL,2010,37739009
CYP,TOTAL,2010,7231046
CZE,TOTAL,2010,12427085
DEU,TOTAL,2010,168803823
DNK,TOTAL,2010,24460574
EST,TOTAL,2010,1384658
GRC,TOTAL,2010,32625519
ESP,TOTAL,2010,153915703
FIN,TOTAL,2010,14273836
FRA,TOTAL,2010,120019105
HRV,TOTAL,2010,4738358
HUN,TOTAL,2010,8174510
IRL,TOTAL,2010,23165414
ISL,TOTAL,2010,2075847
ITA,TOTAL,2010,110739088
LTU,TOTAL,2010,2330823
LUX,TOTAL,2010,1605982
LVA,TOTAL,2010,4669621
MNE,TOTAL,2010,
MKD,TOTAL,2010,
MLT,TOTAL,2010,3293548
NLD,TOTAL,2010,48905842
NOR,TOTAL,2010,29981720
POL,TOTAL,2010,18433984
PRT,TOTAL,2010,25442444
ROU,TOTAL,2010,8922848
RS,TOTAL,2010,
SWE,TOTAL,2010,26865442
SVN,TOTAL,2010,1382977
SVK,TOTAL,2010,1887650
TUR,TOTAL,2010,
GBR,TOTAL,2010,193533960
AUT,INTL,2009,21220793
BEL,INTL,2009,21649471
BGR,INTL,2009,5684495
CHE,INTL,2009,35478803
CYP,INTL,2009,6949887
CZE,INTL,2009,12162612
DEU,INTL,2009,136408069
DNK,INTL,2009,20402386
EST,INTL,2009,1321592
GRC,INTL,2009,26408934
ESP,INTL,2009,111441444
FIN,INTL,2009,11409446
FRA,INTL,2009,91385032
HRV,INTL,2009,3884506
HUN,INTL,2009,8081067
IRL,INTL,2009,25683657
ISL,INTL,2009,1931727
ITA,INTL,2009,74429820
LTU,INTL,2009,1872103
LUX,INTL,2009,1534905
LVA,INTL,2009,4075821
MNE,INTL,2009,
MKD,INTL,2009,
MLT,INTL,2009,2918676
NLD,INTL,2009,46715748
NOR,INTL,2009,14985912
POL,INTL,2009,16200225
PRT,INTL,2009,20952273
ROU,INTL,2009,7399578
RS,INTL,2009,
SWE,INTL,2009,19353271
SVN,INTL,2009,1429465
SVK,INTL,2009,1846132
TUR,INTL,2009,
GBR,INTL,2009,175953712
AUT,"NAT",2009,788817
BEL,"NAT",2009,69134
BGR,"NAT",2009,184566
CHE,"NAT",2009,638759
CYP,"NAT",2009,51153
CZE,"NAT",2009,408486
DEU,"NAT",2009,24207169
DNK,"NAT",2009,1996740
EST,"NAT",2009,22217
GRC,"NAT",2009,7031335
ESP,"NAT",2009,37547398
FIN,"NAT",2009,2419046
FRA,"NAT",2009,26176532
HRV,"NAT",2009,526761
HUN,"NAT",2009,0
IRL,"NAT",2009,698532
ISL,"NAT",2009,
ITA,"NAT",2009,28824460
LTU,"NAT",2009,249
LUX,"NAT",2009,493
LVA,"NAT",2009,339
MNE,"NAT",2009,
MKD,"NAT",2009,
MLT,"NAT",2009,0
NLD,"NAT",2009,10035
NOR,"NAT",2009,13157778
POL,"NAT",2009,892171
PRT,"NAT",2009,2891888
ROU,"NAT",2009,627131
RS,"NAT",2009,
SWE,"NAT",2009,6090515
SVN,"NAT",2009,72
SVK,"NAT",2009,105836
TUR,"NAT",2009,
GBR,"NAT",2009,23211020
AUT,TOTAL,2009,22009610
BEL,TOTAL,2009,21718605
BGR,TOTAL,2009,5869061
CHE,TOTAL,2009,36117562
CYP,TOTAL,2009,7001040
CZE,TOTAL,2009,12571098
DEU,TOTAL,2009,160615238
DNK,TOTAL,2009,22399126
EST,TOTAL,2009,1343809
GRC,TOTAL,2009,33440269
ESP,TOTAL,2009,148988842
FIN,TOTAL,2009,13828492
FRA,TOTAL,2009,117561564
HRV,TOTAL,2009,4411267
HUN,TOTAL,2009,8081067
IRL,TOTAL,2009,26382189
ISL,TOTAL,2009,1931727
ITA,TOTAL,2009,103254280
LTU,TOTAL,2009,1872352
LUX,TOTAL,2009,1535398
LVA,TOTAL,2009,4076160
MNE,TOTAL,2009,
MKD,TOTAL,2009,
MLT,TOTAL,2009,2918676
NLD,TOTAL,2009,46725783
NOR,TOTAL,2009,28143690
POL,TOTAL,2009,17092396
PRT,TOTAL,2009,23844161
ROU,TOTAL,2009,8026709
RS,TOTAL,2009,
SWE,TOTAL,2009,25443786
SVN,TOTAL,2009,1429537
SVK,TOTAL,2009,1951968
TUR,TOTAL,2009,
GBR,TOTAL,2009,199164732
AUT,INTL,2008,23273610
BEL,INTL,2008,22282186
BGR,INTL,2008,6296630
CHE,INTL,2008,36114636
CYP,INTL,2008,7496348
CZE,INTL,2008,13204507
DEU,INTL,2008,142513972
DNK,INTL,2008,22479795
EST,INTL,2008,1783749
GRC,INTL,2008,28301285
ESP,INTL,2008,121443773
FIN,INTL,2008,12115385
FRA,INTL,2008,95626387
HRV,INTL,2008,3995912
HUN,INTL,2008,8429082
IRL,INTL,2008,29208420
ISL,INTL,2008,2240998
ITA,INTL,2008,77849286
LTU,INTL,2008,2560916
LUX,INTL,2008,1692367
LVA,INTL,2008,3669716
MNE,INTL,2008,
MKD,INTL,2008,
MLT,INTL,2008,3109899
NLD,INTL,2008,50619335
NOR,INTL,2008,15521680
POL,INTL,2008,17768605
PRT,INTL,2008,22170286
ROU,INTL,2008,7386996
RS,INTL,2008,
SWE,INTL,2008,21187682
SVN,INTL,2008,1676821
SVK,INTL,2008,2407425
TUR,INTL,2008,
GBR,INTL,2008,189504769
AUT,"NAT",2008,815771
BEL,"NAT",2008,59843
BGR,"NAT",2008,151180
CHE,"NAT",2008,694068
CYP,"NAT",2008,78839
CZE,"NAT",2008,439288
DEU,"NAT",2008,25249904
DNK,"NAT",2008,2004098
EST,"NAT",2008,21043
GRC,"NAT",2008,6758492
ESP,"NAT",2008,40793210
FIN,"NAT",2008,2733149
FRA,"NAT",2008,27097144
HRV,"NAT",2008,591232
HUN,"NAT",2008,0
IRL,"NAT",2008,957821
ISL,"NAT",2008,
ITA,"NAT",2008,28690411
LTU,"NAT",2008,2041
LUX,"NAT",2008,254
LVA,"NAT",2008,30945
MNE,"NAT",2008,
MKD,"NAT",2008,
MLT,"NAT",2008,0
NLD,"NAT",2008,51015
NOR,"NAT",2008,13440243
POL,"NAT",2008,961206
PRT,"NAT",2008,2603611
ROU,"NAT",2008,674185
RS,"NAT",2008,
SWE,"NAT",2008,6875961
SVN,"NAT",2008,0
SVK,"NAT",2008,192663
TUR,"NAT",2008,
GBR,"NAT",2008,25352481
AUT,TOTAL,2008,24089381
BEL,TOTAL,2008,22342029
BGR,TOTAL,2008,6447810
CHE,TOTAL,2008,36808704
CYP,TOTAL,2008,7575187
CZE,TOTAL,2008,13643795
DEU,TOTAL,2008,167763876
DNK,TOTAL,2008,24483893
EST,TOTAL,2008,1804792
GRC,TOTAL,2008,35059777
ESP,TOTAL,2008,162236983
FIN,TOTAL,2008,14848534
FRA,TOTAL,2008,122723531
HRV,TOTAL,2008,4587144
HUN,TOTAL,2008,8429082
IRL,TOTAL,2008,30166241
ISL,TOTAL,2008,2240998
ITA,TOTAL,2008,106539697
LTU,TOTAL,2008,2562957
LUX,TOTAL,2008,1692621
LVA,TOTAL,2008,3700661
MNE,TOTAL,2008,
MKD,TOTAL,2008,
MLT,TOTAL,2008,3109899
NLD,TOTAL,2008,50670350
NOR,TOTAL,2008,28961923
POL,TOTAL,2008,18729811
PRT,TOTAL,2008,24773897
ROU,TOTAL,2008,8061181
RS,TOTAL,2008,
SWE,TOTAL,2008,28063643
SVN,TOTAL,2008,1676821
SVK,TOTAL,2008,2600088
TUR,TOTAL,2008,
GBR,TOTAL,2008,214857250
AUT,INTL,2007,22302904
BEL,INTL,2007,20945173
BGR,INTL,2007,5981595
CHE,INTL,2007,34085062
CYP,INTL,2007,7237583
CZE,INTL,2007,12886592
DEU,INTL,2007,141081216
DNK,INTL,2007,22189833
EST,INTL,2007,1702921
GRC,INTL,2007,28674343
ESP,INTL,2007,118532432
FIN,INTL,2007,11539212
FRA,INTL,2007,92684723
HRV,INTL,2007,
HUN,INTL,2007,8580034
IRL,INTL,2007,28967370
ISL,INTL,2007,2462118
ITA,INTL,2007,79223817
LTU,INTL,2007,2196349
LUX,INTL,2007,1634348
LVA,INTL,2007,3155405
MNE,INTL,2007,
MKD,INTL,2007,
MLT,INTL,2007,2971368
NLD,INTL,2007,50690985
NOR,INTL,2007,14519045
POL,INTL,2007,16056418
PRT,INTL,2007,21656688
ROU,INTL,2007,6404445
RS,INTL,2007,
SWE,INTL,2007,20196707
SVN,INTL,2007,1526801
SVK,INTL,2007,2088308
TUR,INTL,2007,
GBR,INTL,2007,191994734
AUT,"NAT",2007,795164
BEL,"NAT",2007,73133
BGR,"NAT",2007,95262
CHE,"NAT",2007,688010
CYP,"NAT",2007,85106
CZE,"NAT",2007,380151
DEU,"NAT",2007,24763399
DNK,"NAT",2007,2001619
EST,"NAT",2007,20010
GRC,"NAT",2007,6892078
ESP,"NAT",2007,44452390
FIN,"NAT",2007,2888896
FRA,"NAT",2007,27572545
HRV,"NAT",2007,
HUN,"NAT",2007,227
IRL,"NAT",2007,1116474
ISL,"NAT",2007,
ITA,"NAT",2007,29515622
LTU,"NAT",2007,1525
LUX,"NAT",2007,117
LVA,"NAT",2007,14657
MNE,"NAT",2007,
MKD,"NAT",2007,
MLT,"NAT",2007,0
NLD,"NAT",2007,72262
NOR,"NAT",2007,13378577
POL,"NAT",2007,1098270
PRT,"NAT",2007,2451775
ROU,"NAT",2007,583932
RS,"NAT",2007,
SWE,"NAT",2007,7067952
SVN,"NAT",2007,165
SVK,"NAT",2007,176321
TUR,"NAT",2007,
GBR,"NAT",2007,26617576
AUT,TOTAL,2007,23098068
BEL,TOTAL,2007,21018306
BGR,TOTAL,2007,6076857
CHE,TOTAL,2007,34773072
CYP,TOTAL,2007,7322689
CZE,TOTAL,2007,13266743
DEU,TOTAL,2007,165844615
DNK,TOTAL,2007,24191452
EST,TOTAL,2007,1722931
GRC,TOTAL,2007,35566421
ESP,TOTAL,2007,162984822
FIN,TOTAL,2007,14428108
FRA,TOTAL,2007,120257268
HRV,TOTAL,2007,
HUN,TOTAL,2007,8580261
IRL,TOTAL,2007,30083844
ISL,TOTAL,2007,2462118
ITA,TOTAL,2007,108739439
LTU,TOTAL,2007,2197874
LUX,TOTAL,2007,1634465
LVA,TOTAL,2007,3170062
MNE,TOTAL,2007,
MKD,TOTAL,2007,
MLT,TOTAL,2007,2971368
NLD,TOTAL,2007,50763247
NOR,TOTAL,2007,27897622
POL,TOTAL,2007,17154688
PRT,TOTAL,2007,24108463
ROU,TOTAL,2007,6988377
RS,TOTAL,2007,
SWE,TOTAL,2007,27264659
SVN,TOTAL,2007,1526966
SVK,TOTAL,2007,2264629
TUR,TOTAL,2007,
GBR,TOTAL,2007,218612310
AUT,INTL,2006,20251171
BEL,INTL,2006,19228396
BGR,INTL,2006,
CHE,INTL,2006,31480945
CYP,INTL,2006,6945580
CZE,INTL,2006,11950591
DEU,INTL,2006,132887016
DNK,INTL,2006,21342262
EST,INTL,2006,1512478
GRC,INTL,2006,27217668
ESP,INTL,2006,106756871
FIN,INTL,2006,10410345
FRA,INTL,2006,86039955
HRV,INTL,2006,
HUN,INTL,2006,8242539
IRL,INTL,2006,26797809
ISL,INTL,2006,2277897
ITA,INTL,2006,70846749
LTU,INTL,2006,1800354
LUX,INTL,2006,1597177
LVA,INTL,2006,2500609
MNE,INTL,2006,
MKD,INTL,2006,
MLT,INTL,2006,2692214
NLD,INTL,2006,48837390
NOR,INTL,2006,13176579
POL,INTL,2006,12586445
PRT,INTL,2006,19044783
ROU,INTL,2006,4495035
RS,INTL,2006,
SWE,INTL,2006,19038020
SVN,INTL,2006,1329955
SVK,INTL,2006,2036265
TUR,INTL,2006,
GBR,INTL,2006,185495591
AUT,"NAT",2006,755581
BEL,"NAT",2006,64563
BGR,"NAT",2006,
CHE,"NAT",2006,721857
CYP,"NAT",2006,89285
CZE,"NAT",2006,378784
DEU,"NAT",2006,23367408
DNK,"NAT",2006,1841685
EST,"NAT",2006,21228
GRC,"NAT",2006,6362752
ESP,"NAT",2006,41205451
FIN,"NAT",2006,2919770
FRA,"NAT",2006,27142821
HRV,"NAT",2006,
HUN,"NAT",2006,3381
IRL,"NAT",2006,1254815
ISL,"NAT",2006,
ITA,"NAT",2006,27072829
LTU,"NAT",2006,4409
LUX,"NAT",2006,227
LVA,"NAT",2006,1682
MNE,"NAT",2006,
MKD,"NAT",2006,
MLT,"NAT",2006,7656
NLD,"NAT",2006,61444
NOR,"NAT",2006,12695716
POL,"NAT",2006,959948
PRT,"NAT",2006,2450604
ROU,"NAT",2006,441112
RS,"NAT",2006,
SWE,"NAT",2006,7177077
SVN,"NAT",2006,13
SVK,"NAT",2006,116756
TUR,"NAT",2006,
GBR,"NAT",2006,27079673
AUT,TOTAL,2006,21006752
BEL,TOTAL,2006,19292959
BGR,TOTAL,2006,
CHE,TOTAL,2006,32202802
CYP,TOTAL,2006,7034865
CZE,TOTAL,2006,12329375
DEU,TOTAL,2006,156254424
DNK,TOTAL,2006,23183947
EST,TOTAL,2006,1533706
GRC,TOTAL,2006,33580420
ESP,TOTAL,2006,147962322
FIN,TOTAL,2006,13330115
FRA,TOTAL,2006,113182776
HRV,TOTAL,2006,
HUN,TOTAL,2006,8245920
IRL,TOTAL,2006,28052624
ISL,TOTAL,2006,2277897
ITA,TOTAL,2006,97919578
LTU,TOTAL,2006,1804763
LUX,TOTAL,2006,1597404
LVA,TOTAL,2006,2502291
MNE,TOTAL,2006,
MKD,TOTAL,2006,
MLT,TOTAL,2006,2699870
NLD,TOTAL,2006,48898834
NOR,TOTAL,2006,25872295
POL,TOTAL,2006,13546393
PRT,TOTAL,2006,21495387
ROU,TOTAL,2006,4936147
RS,TOTAL,2006,
SWE,TOTAL,2006,26215097
SVN,TOTAL,2006,1329968
SVK,TOTAL,2006,2153021
TUR,TOTAL,2006,
GBR,TOTAL,2006,212575264
AUT,INTL,2005,19335870
BEL,INTL,2005,17911036
BGR,INTL,2005,
CHE,INTL,2005,28438011
CYP,INTL,2005,6996492
CZE,INTL,2005,11069807
DEU,INTL,2005,125217811
DNK,INTL,2005,20625503
EST,INTL,2005,1372431
GRC,INTL,2005,25585363
ESP,INTL,2005,101907374
FIN,INTL,2005,9393273
FRA,INTL,2005,81155110
HRV,INTL,2005,
HUN,INTL,2005,7916173
IRL,INTL,2005,23639624
ISL,INTL,2005,2108259
ITA,INTL,2005,64306846
LTU,INTL,2005,1431912
LUX,INTL,2005,1538152
LVA,INTL,2005,1889123
MNE,INTL,2005,
MKD,INTL,2005,
MLT,INTL,2005,2749052
NLD,INTL,2005,46596053
NOR,INTL,2005,11466048
POL,INTL,2005,6189306
PRT,INTL,2005,17187984
ROU,INTL,2005,3281938
RS,INTL,2005,
SWE,INTL,2005,15598426
SVN,INTL,2005,1218873
SVK,INTL,2005,1503666
TUR,INTL,2005,
GBR,INTL,2005,178320622
AUT,"NAT",2005,609535
BEL,"NAT",2005,5869
BGR,"NAT",2005,
CHE,"NAT",2005,757450
CYP,"NAT",2005,85964
CZE,"NAT",2005,296874
DEU,"NAT",2005,22910258
DNK,"NAT",2005,1706353
EST,"NAT",2005,21069
GRC,"NAT",2005,5987248
ESP,"NAT",2005,38959736
FIN,"NAT",2005,2831324
FRA,"NAT",2005,26800274
HRV,"NAT",2005,
HUN,"NAT",2005,1910
IRL,"NAT",2005,1062214
ISL,"NAT",2005,2837
ITA,"NAT",2005,25298289
LTU,"NAT",2005,18268
LUX,"NAT",2005,0
LVA,"NAT",2005,496
MNE,"NAT",2005,
MKD,"NAT",2005,
MLT,"NAT",2005,8188
NLD,"NAT",2005,94153
NOR,"NAT",2005,11691759
POL,"NAT",2005,890870
PRT,"NAT",2005,2996170
ROU,"NAT",2005,350935
RS,"NAT",2005,
SWE,"NAT",2005,7300303
SVN,"NAT",2005,218
SVK,"NAT",2005,63438
TUR,"NAT",2005,
GBR,"NAT",2005,27085892
AUT,TOTAL,2005,19945405
BEL,TOTAL,2005,17916905
BGR,TOTAL,2005,
CHE,TOTAL,2005,29195461
CYP,TOTAL,2005,7082456
CZE,TOTAL,2005,11366681
DEU,TOTAL,2005,148128069
DNK,TOTAL,2005,22331856
EST,TOTAL,2005,1393500
GRC,TOTAL,2005,31572611
ESP,TOTAL,2005,140867110
FIN,TOTAL,2005,12224597
FRA,TOTAL,2005,107955384
HRV,TOTAL,2005,
HUN,TOTAL,2005,7918083
IRL,TOTAL,2005,24701838
ISL,TOTAL,2005,2111096
ITA,TOTAL,2005,89605135
LTU,TOTAL,2005,1450180
LUX,TOTAL,2005,1538152
LVA,TOTAL,2005,1889619
MNE,TOTAL,2005,
MKD,TOTAL,2005,
MLT,TOTAL,2005,2757240
NLD,TOTAL,2005,46690206
NOR,TOTAL,2005,23157807
POL,TOTAL,2005,7080176
PRT,TOTAL,2005,20184154
ROU,TOTAL,2005,3632873
RS,TOTAL,2005,
SWE,TOTAL,2005,22898729
SVN,TOTAL,2005,1219091
SVK,TOTAL,2005,1567104
TUR,TOTAL,2005,
GBR,TOTAL,2005,205406514
AUT,INTL,2004,18018513
BEL,INTL,2004,17561683
BGR,INTL,2004,
CHE,INTL,2004,26073296
CYP,INTL,2004,6716620
CZE,INTL,2004,9943480
DEU,INTL,2004,115586394
DNK,INTL,2004,19558091
EST,INTL,2004,974243
GRC,INTL,2004,24546560
ESP,INTL,2004,95459236
FIN,INTL,2004,8777209
FRA,INTL,2004,75917667
HRV,INTL,2004,
HUN,INTL,2004,6380372
IRL,INTL,2004,20186390
ISL,INTL,2004,1886560
ITA,INTL,2004,57390093
LTU,INTL,2004,
LUX,INTL,2004,1509069
LVA,INTL,2004,1058693
MNE,INTL,2004,
MKD,INTL,2004,
MLT,INTL,2004,2726338
NLD,INTL,2004,44741233
NOR,INTL,2004,9689522
POL,INTL,2004,5165693
PRT,INTL,2004,15954480
ROU,INTL,2004,3134028
RS,INTL,2004,
SWE,INTL,2004,14689027
SVN,INTL,2004,1050197
SVK,INTL,2004,1088643
TUR,INTL,2004,
GBR,INTL,2004,167502257
AUT,"NAT",2004,611888
BEL,"NAT",2004,8320
BGR,"NAT",2004,
CHE,"NAT",2004,751654
CYP,"NAT",2004,108066
CZE,"NAT",2004,210368
DEU,"NAT",2004,22528177
DNK,"NAT",2004,1631102
EST,"NAT",2004,16533
GRC,"NAT",2004,5767922
ESP,"NAT",2004,35030624
FIN,"NAT",2004,2922857
FRA,"NAT",2004,27121545
HRV,"NAT",2004,
HUN,"NAT",2004,0
IRL,"NAT",2004,1027100
ISL,"NAT",2004,2047
ITA,"NAT",2004,24726963
LTU,"NAT",2004,
LUX,"NAT",2004,
LVA,"NAT",2004,133
MNE,"NAT",2004,
MKD,"NAT",2004,
MLT,"NAT",2004,38637
NLD,"NAT",2004,129094
NOR,"NAT",2004,11413866
POL,"NAT",2004,925950
PRT,"NAT",2004,3089493
ROU,"NAT",2004,299261
RS,"NAT",2004,
SWE,"NAT",2004,7029322
SVN,"NAT",2004,134
SVK,"NAT",2004,35661
TUR,"NAT",2004,
GBR,"NAT",2004,26139510
AUT,TOTAL,2004,18630401
BEL,TOTAL,2004,17570003
BGR,TOTAL,2004,
CHE,TOTAL,2004,26824950
CYP,TOTAL,2004,6824686
CZE,TOTAL,2004,10153848
DEU,TOTAL,2004,138114571
DNK,TOTAL,2004,21189193
EST,TOTAL,2004,990776
GRC,TOTAL,2004,30314482
ESP,TOTAL,2004,130489860
FIN,TOTAL,2004,11700066
FRA,TOTAL,2004,103039212
HRV,TOTAL,2004,
HUN,TOTAL,2004,6380372
IRL,TOTAL,2004,21213490
ISL,TOTAL,2004,1888607
ITA,TOTAL,2004,82117056
LTU,TOTAL,2004,
LUX,TOTAL,2004,1509069
LVA,TOTAL,2004,1058826
MNE,TOTAL,2004,
MKD,TOTAL,2004,
MLT,TOTAL,2004,2764975
NLD,TOTAL,2004,44870327
NOR,TOTAL,2004,21103388
POL,TOTAL,2004,6091643
PRT,TOTAL,2004,19043973
ROU,TOTAL,2004,3433289
RS,TOTAL,2004,
SWE,TOTAL,2004,21718349
SVN,TOTAL,2004,1050331
SVK,TOTAL,2004,1124304
TUR,TOTAL,2004,
GBR,TOTAL,2004,193641767
AUT,INTL,2003,15494487
BEL,INTL,2003,15190849
BGR,INTL,2003,
CHE,INTL,2003,25117283
CYP,INTL,2003,6680072
CZE,INTL,2003,7666632
DEU,INTL,2003,100845834
DNK,INTL,2003,17938608
EST,INTL,2003,695249
GRC,INTL,2003,23206599
ESP,INTL,2003,88577105
FIN,INTL,2003,7692144
FRA,INTL,2003,69473681
HRV,INTL,2003,
HUN,INTL,2003,5010297
IRL,INTL,2003,18837317
ISL,INTL,2003,1560610
ITA,INTL,2003,49453624
LTU,INTL,2003,
LUX,INTL,2003,1449399
LVA,INTL,2003,711848
MNE,INTL,2003,
MKD,INTL,2003,
MLT,INTL,2003,2603608
NLD,INTL,2003,40973662
NOR,INTL,2003,9178297
POL,INTL,2003,
PRT,INTL,2003,15080413
ROU,INTL,2003,
RS,INTL,2003,
SWE,INTL,2003,13566644
SVN,INTL,2003,
SVK,INTL,2003,608503
TUR,INTL,2003,
GBR,INTL,2003,154519779
AUT,"NAT",2003,587290
BEL,"NAT",2003,8455
BGR,"NAT",2003,
CHE,"NAT",2003,846559
CYP,"NAT",2003,112427
CZE,"NAT",2003,188805
DEU,"NAT",2003,22464341
DNK,"NAT",2003,1316238
EST,"NAT",2003,14820
GRC,"NAT",2003,4958480
ESP,"NAT",2003,31475699
FIN,"NAT",2003,2762600
FRA,"NAT",2003,26818670
HRV,"NAT",2003,
HUN,"NAT",2003,100
IRL,"NAT",2003,1020127
ISL,"NAT",2003,969
ITA,"NAT",2003,24892005
LTU,"NAT",2003,
LUX,"NAT",2003,
LVA,"NAT",2003,
MNE,"NAT",2003,
MKD,"NAT",2003,
MLT,"NAT",2003,44118
NLD,"NAT",2003,170164
NOR,"NAT",2003,10861525
POL,"NAT",2003,
PRT,"NAT",2003,2921354
ROU,"NAT",2003,
RS,"NAT",2003,
SWE,"NAT",2003,6873952
SVN,"NAT",2003,
SVK,"NAT",2003,32018
TUR,"NAT",2003,
GBR,"NAT",2003,24868980
AUT,TOTAL,2003,16081777
BEL,TOTAL,2003,15199304
BGR,TOTAL,2003,
CHE,TOTAL,2003,25963842
CYP,TOTAL,2003,6792499
CZE,TOTAL,2003,7855437
DEU,TOTAL,2003,123310175
DNK,TOTAL,2003,19254846
EST,TOTAL,2003,710069
GRC,TOTAL,2003,28165079
ESP,TOTAL,2003,120052804
FIN,TOTAL,2003,10454744
FRA,TOTAL,2003,96292351
HRV,TOTAL,2003,
HUN,TOTAL,2003,5010397
IRL,TOTAL,2003,19857444
ISL,TOTAL,2003,1561579
ITA,TOTAL,2003,74345629
LTU,TOTAL,2003,
LUX,TOTAL,2003,1449399
LVA,TOTAL,2003,711848
MNE,TOTAL,2003,
MKD,TOTAL,2003,
MLT,TOTAL,2003,2647726
NLD,TOTAL,2003,41143826
NOR,TOTAL,2003,20039822
POL,TOTAL,2003,
PRT,TOTAL,2003,18001767
ROU,TOTAL,2003,
RS,TOTAL,2003,
SWE,TOTAL,2003,20440596
SVN,TOTAL,2003,
SVK,TOTAL,2003,640521
TUR,TOTAL,2003,
GBR,TOTAL,2003,179388759
AUT,INTL,2002,14625165
BEL,INTL,2002,13754157
BGR,INTL,2002,
CHE,INTL,2002,25696834
CYP,INTL,2002,
CZE,INTL,2002,6454071
DEU,INTL,2002,95059578
DNK,INTL,2002,18227690
EST,INTL,2002,589670
GRC,INTL,2002,
ESP,INTL,2002,84013826
FIN,INTL,2002,7434264
FRA,INTL,2002,68501137
HRV,INTL,2002,
HUN,INTL,2002,4468821
IRL,INTL,2002,
ISL,INTL,2002,
ITA,INTL,2002,43021097
LTU,INTL,2002,
LUX,INTL,2002,1505195
LVA,INTL,2002,633322
MNE,INTL,2002,
MKD,INTL,2002,
MLT,INTL,2002,2592610
NLD,INTL,2002,40624654
NOR,INTL,2002,8104172
POL,INTL,2002,
PRT,INTL,2002,14680387
ROU,INTL,2002,
RS,INTL,2002,
SWE,INTL,2002,14594972
SVN,INTL,2002,
SVK,INTL,2002,467109
TUR,INTL,2002,
GBR,INTL,2002,147134243
AUT,"NAT",2002,570266
BEL,"NAT",2002,7787
BGR,"NAT",2002,
CHE,"NAT",2002,1052352
CYP,"NAT",2002,
CZE,"NAT",2002,162811
DEU,"NAT",2002,21720573
DNK,"NAT",2002,1501958
EST,"NAT",2002,13255
GRC,"NAT",2002,
ESP,"NAT",2002,29006744
FIN,"NAT",2002,3194876
FRA,"NAT",2002,28029140
HRV,"NAT",2002,
HUN,"NAT",2002,0
IRL,"NAT",2002,
ISL,"NAT",2002,
ITA,"NAT",2002,23101726
LTU,"NAT",2002,
LUX,"NAT",2002,
LVA,"NAT",2002,
MNE,"NAT",2002,
MKD,"NAT",2002,
MLT,"NAT",2002,47195
NLD,"NAT",2002,128682
NOR,"NAT",2002,10782942
POL,"NAT",2002,
PRT,"NAT",2002,2988938
ROU,"NAT",2002,
RS,"NAT",2002,
SWE,"NAT",2002,7444267
SVN,"NAT",2002,
SVK,"NAT",2002,31573
TUR,"NAT",2002,
GBR,"NAT",2002,23259534
AUT,TOTAL,2002,15195431
BEL,TOTAL,2002,13761944
BGR,TOTAL,2002,
CHE,TOTAL,2002,26749186
CYP,TOTAL,2002,
CZE,TOTAL,2002,6616882
DEU,TOTAL,2002,116780151
DNK,TOTAL,2002,19729648
EST,TOTAL,2002,602925
GRC,TOTAL,2002,
ESP,TOTAL,2002,113020570
FIN,TOTAL,2002,10629140
FRA,TOTAL,2002,96530277
HRV,TOTAL,2002,
HUN,TOTAL,2002,4468821
IRL,TOTAL,2002,
ISL,TOTAL,2002,
ITA,TOTAL,2002,66122822
LTU,TOTAL,2002,
LUX,TOTAL,2002,1505195
LVA,TOTAL,2002,633322
MNE,TOTAL,2002,
MKD,TOTAL,2002,
MLT,TOTAL,2002,2639805
NLD,TOTAL,2002,40753336
NOR,TOTAL,2002,18887114
POL,TOTAL,2002,
PRT,TOTAL,2002,17669325
ROU,TOTAL,2002,
RS,TOTAL,2002,
SWE,TOTAL,2002,22039239
SVN,TOTAL,2002,
SVK,TOTAL,2002,498682
TUR,TOTAL,2002,
GBR,TOTAL,2002,170393777
AUT,INTL,2001,14138385
BEL,INTL,2001,19785859
BGR,INTL,2001,
CHE,INTL,2001,29509345
CYP,INTL,2001,8431701
CZE,INTL,2001,
DEU,INTL,2001,98196068
DNK,INTL,2001,17980820
EST,INTL,2001,566577
GRC,INTL,2001,
ESP,INTL,2001,84763313
FIN,INTL,2001,7222546
FRA,INTL,2001,
HRV,INTL,2001,
HUN,INTL,2001,4581559
IRL,INTL,2001,
ISL,INTL,2001,
ITA,INTL,2001,40912775
LTU,INTL,2001,
LUX,INTL,2001,1618723
LVA,INTL,2001,623543
MNE,INTL,2001,
MKD,INTL,2001,
MLT,INTL,2001,2836131
NLD,INTL,2001,39410331
NOR,INTL,2001,8381226
POL,INTL,2001,
PRT,INTL,2001,14618586
ROU,INTL,2001,
RS,INTL,2001,
SWE,INTL,2001,16070642
SVN,INTL,2001,
SVK,INTL,2001,413827
TUR,INTL,2001,
GBR,INTL,2001,143235649
AUT,"NAT",2001,559392
BEL,"NAT",2001,3179
BGR,"NAT",2001,
CHE,"NAT",2001,1536915
CYP,"NAT",2001,97404
CZE,"NAT",2001,
DEU,"NAT",2001,21896564
DNK,"NAT",2001,1641683
EST,"NAT",2001,4288
GRC,"NAT",2001,
ESP,"NAT",2001,29387121
FIN,"NAT",2001,3183803
FRA,"NAT",2001,
HRV,"NAT",2001,
HUN,"NAT",2001,0
IRL,"NAT",2001,
ISL,"NAT",2001,
ITA,"NAT",2001,25051982
LTU,"NAT",2001,
LUX,"NAT",2001,
LVA,"NAT",2001,
MNE,"NAT",2001,
MKD,"NAT",2001,
MLT,"NAT",2001,
NLD,"NAT",2001,127389
NOR,"NAT",2001,11613278
POL,"NAT",2001,
PRT,"NAT",2001,2951652
ROU,"NAT",2001,
RS,"NAT",2001,
SWE,"NAT",2001,8039069
SVN,"NAT",2001,
SVK,"NAT",2001,16472
TUR,"NAT",2001,
GBR,"NAT",2001,21512651
AUT,TOTAL,2001,14697777
BEL,TOTAL,2001,19789038
BGR,TOTAL,2001,
CHE,TOTAL,2001,31046260
CYP,TOTAL,2001,8529105
CZE,TOTAL,2001,
DEU,TOTAL,2001,120092632
DNK,TOTAL,2001,19622503
EST,TOTAL,2001,570865
GRC,TOTAL,2001,
ESP,TOTAL,2001,114150434
FIN,TOTAL,2001,10406349
FRA,TOTAL,2001,
HRV,TOTAL,2001,
HUN,TOTAL,2001,4581559
IRL,TOTAL,2001,
ISL,TOTAL,2001,
ITA,TOTAL,2001,65964757
LTU,TOTAL,2001,
LUX,TOTAL,2001,1618723
LVA,TOTAL,2001,623543
MNE,TOTAL,2001,
MKD,TOTAL,2001,
MLT,TOTAL,2001,2836131
NLD,TOTAL,2001,39537720
NOR,TOTAL,2001,19994504
POL,TOTAL,2001,
PRT,TOTAL,2001,17570238
ROU,TOTAL,2001,
RS,TOTAL,2001,
SWE,TOTAL,2001,24109711
SVN,TOTAL,2001,
SVK,TOTAL,2001,430299
TUR,TOTAL,2001,
GBR,TOTAL,2001,164748300
AUT,INTL,2000,14220561
BEL,INTL,2000,
BGR,INTL,2000,
CHE,INTL,2000,31355646
CYP,INTL,2000,
CZE,INTL,2000,
DEU,INTL,2000,99790981
DNK,INTL,2000,
EST,INTL,2000,
GRC,INTL,2000,
ESP,INTL,2000,
FIN,INTL,2000,7081016
FRA,INTL,2000,
HRV,INTL,2000,
HUN,INTL,2000,
IRL,INTL,2000,
ISL,INTL,2000,
ITA,INTL,2000,44338370
LTU,INTL,2000,
LUX,INTL,2000,1655551
LVA,INTL,2000,
MNE,INTL,2000,
MKD,INTL,2000,
MLT,INTL,2000,
NLD,INTL,2000,
NOR,INTL,2000,8227484
POL,INTL,2000,
PRT,INTL,2000,
ROU,INTL,2000,
RS,INTL,2000,
SWE,INTL,2000,16285321
SVN,INTL,2000,
SVK,INTL,2000,
TUR,INTL,2000,
GBR,INTL,2000,143836428
AUT,"NAT",2000,545460
BEL,"NAT",2000,
BGR,"NAT",2000,
CHE,"NAT",2000,1682299
CYP,"NAT",2000,
CZE,"NAT",2000,
DEU,"NAT",2000,23141033
DNK,"NAT",2000,
EST,"NAT",2000,
GRC,"NAT",2000,
ESP,"NAT",2000,
FIN,"NAT",2000,3238325
FRA,"NAT",2000,
HRV,"NAT",2000,
HUN,"NAT",2000,
IRL,"NAT",2000,
ISL,"NAT",2000,
ITA,"NAT",2000,22960188
LTU,"NAT",2000,
LUX,"NAT",2000,
LVA,"NAT",2000,
MNE,"NAT",2000,
MKD,"NAT",2000,
MLT,"NAT",2000,
NLD,"NAT",2000,
NOR,"NAT",2000,11841754
POL,"NAT",2000,
PRT,"NAT",2000,
ROU,"NAT",2000,
RS,"NAT",2000,
SWE,"NAT",2000,8042525
SVN,"NAT",2000,
SVK,"NAT",2000,
TUR,"NAT",2000,
GBR,"NAT",2000,20371164
AUT,TOTAL,2000,14766021
BEL,TOTAL,2000,
BGR,TOTAL,2000,
CHE,TOTAL,2000,33037945
CYP,TOTAL,2000,
CZE,TOTAL,2000,
DEU,TOTAL,2000,122932014
DNK,TOTAL,2000,
EST,TOTAL,2000,
GRC,TOTAL,2000,
ESP,TOTAL,2000,
FIN,TOTAL,2000,10319341
FRA,TOTAL,2000,
HRV,TOTAL,2000,
HUN,TOTAL,2000,
IRL,TOTAL,2000,
ISL,TOTAL,2000,
ITA,TOTAL,2000,67298558
LTU,TOTAL,2000,
LUX,TOTAL,2000,1655551
LVA,TOTAL,2000,
MNE,TOTAL,2000,
MKD,TOTAL,2000,
MLT,TOTAL,2000,
NLD,TOTAL,2000,
NOR,TOTAL,2000,20069238
POL,TOTAL,2000,
PRT,TOTAL,2000,
ROU,TOTAL,2000,
RS,TOTAL,2000,
SWE,TOTAL,2000,24327846
SVN,TOTAL,2000,
SVK,TOTAL,2000,
TUR,TOTAL,2000,
GBR,TOTAL,2000,164207592
AUT,INTL,1999,13276983
BEL,INTL,1999,
BGR,INTL,1999,
CHE,INTL,1999,26073588
CYP,INTL,1999,
CZE,INTL,1999,
DEU,INTL,1999,93496865
DNK,INTL,1999,12392548
EST,INTL,1999,
GRC,INTL,1999,
ESP,INTL,1999,
FIN,INTL,1999,6881957
FRA,INTL,1999,
HRV,INTL,1999,
HUN,INTL,1999,
IRL,INTL,1999,
ISL,INTL,1999,
ITA,INTL,1999,38986850
LTU,INTL,1999,
LUX,INTL,1999,1574031
LVA,INTL,1999,
MNE,INTL,1999,
MKD,INTL,1999,
MLT,INTL,1999,
NLD,INTL,1999,
NOR,INTL,1999,7417630
POL,INTL,1999,
PRT,INTL,1999,12814043
ROU,INTL,1999,
RS,INTL,1999,
SWE,INTL,1999,15195690
SVN,INTL,1999,
SVK,INTL,1999,
TUR,INTL,1999,
GBR,INTL,1999,133467939
AUT,"NAT",1999,501436
BEL,"NAT",1999,
BGR,"NAT",1999,
CHE,"NAT",1999,1602502
CYP,"NAT",1999,
CZE,"NAT",1999,
DEU,"NAT",1999,21260520
DNK,"NAT",1999,
EST,"NAT",1999,
GRC,"NAT",1999,
ESP,"NAT",1999,
FIN,"NAT",1999,3081385
FRA,"NAT",1999,
HRV,"NAT",1999,
HUN,"NAT",1999,
IRL,"NAT",1999,0
ISL,"NAT",1999,
ITA,"NAT",1999,20568157
LTU,"NAT",1999,
LUX,"NAT",1999,
LVA,"NAT",1999,
MNE,"NAT",1999,
MKD,"NAT",1999,
MLT,"NAT",1999,
NLD,"NAT",1999,
NOR,"NAT",1999,10556423
POL,"NAT",1999,
PRT,"NAT",1999,2982078
ROU,"NAT",1999,
RS,"NAT",1999,
SWE,"NAT",1999,7695358
SVN,"NAT",1999,
SVK,"NAT",1999,
TUR,"NAT",1999,
GBR,"NAT",1999,19539476
AUT,TOTAL,1999,13778419
BEL,TOTAL,1999,
BGR,TOTAL,1999,
CHE,TOTAL,1999,27676090
CYP,TOTAL,1999,
CZE,TOTAL,1999,
DEU,TOTAL,1999,114757385
DNK,TOTAL,1999,12392548
EST,TOTAL,1999,
GRC,TOTAL,1999,
ESP,TOTAL,1999,
FIN,TOTAL,1999,9963342
FRA,TOTAL,1999,
HRV,TOTAL,1999,
HUN,TOTAL,1999,
IRL,TOTAL,1999,0
ISL,TOTAL,1999,
ITA,TOTAL,1999,59555007
LTU,TOTAL,1999,
LUX,TOTAL,1999,1574031
LVA,TOTAL,1999,
MNE,TOTAL,1999,
MKD,TOTAL,1999,
MLT,TOTAL,1999,
NLD,TOTAL,1999,
NOR,TOTAL,1999,17974053
POL,TOTAL,1999,
PRT,TOTAL,1999,15796121
ROU,TOTAL,1999,
RS,TOTAL,1999,
SWE,TOTAL,1999,22891048
SVN,TOTAL,1999,
SVK,TOTAL,1999,
TUR,TOTAL,1999,
GBR,TOTAL,1999,153007415
AUT,INTL,1998,12732342
BEL,INTL,1998,18501716
BGR,INTL,1998,
CHE,INTL,1998,24163688
CYP,INTL,1998,
CZE,INTL,1998,
DEU,INTL,1998,87158920
DNK,INTL,1998,12220696
EST,INTL,1998,
GRC,INTL,1998,
ESP,INTL,1998,
FIN,INTL,1998,6488018
FRA,INTL,1998,
HRV,INTL,1998,
HUN,INTL,1998,
IRL,INTL,1998,
ISL,INTL,1998,
ITA,INTL,1998,
LTU,INTL,1998,
LUX,INTL,1998,1486850
LVA,INTL,1998,
MNE,INTL,1998,
MKD,INTL,1998,
MLT,INTL,1998,
NLD,INTL,1998,433911
NOR,INTL,1998,
POL,INTL,1998,
PRT,INTL,1998,12010311
ROU,INTL,1998,
RS,INTL,1998,
SWE,INTL,1998,13795746
SVN,INTL,1998,
SVK,INTL,1998,
TUR,INTL,1998,
GBR,INTL,1998,125328999
AUT,"NAT",1998,475879
BEL,"NAT",1998,3233
BGR,"NAT",1998,
CHE,"NAT",1998,1537196
CYP,"NAT",1998,
CZE,"NAT",1998,
DEU,"NAT",1998,20356043
DNK,"NAT",1998,
EST,"NAT",1998,
GRC,"NAT",1998,
ESP,"NAT",1998,
FIN,"NAT",1998,3159046
FRA,"NAT",1998,
HRV,"NAT",1998,
HUN,"NAT",1998,
IRL,"NAT",1998,
ISL,"NAT",1998,
ITA,"NAT",1998,
LTU,"NAT",1998,
LUX,"NAT",1998,
LVA,"NAT",1998,
MNE,"NAT",1998,
MKD,"NAT",1998,
MLT,"NAT",1998,
NLD,"NAT",1998,14565
NOR,"NAT",1998,
POL,"NAT",1998,
PRT,"NAT",1998,2652071
ROU,"NAT",1998,
RS,"NAT",1998,
SWE,"NAT",1998,7260563
SVN,"NAT",1998,
SVK,"NAT",1998,
TUR,"NAT",1998,
GBR,"NAT",1998,19173207
AUT,TOTAL,1998,13208221
BEL,TOTAL,1998,18504949
BGR,TOTAL,1998,
CHE,TOTAL,1998,25700884
CYP,TOTAL,1998,
CZE,TOTAL,1998,
DEU,TOTAL,1998,107514963
DNK,TOTAL,1998,12220696
EST,TOTAL,1998,
GRC,TOTAL,1998,
ESP,TOTAL,1998,
FIN,TOTAL,1998,9647064
FRA,TOTAL,1998,
HRV,TOTAL,1998,
HUN,TOTAL,1998,
IRL,TOTAL,1998,
ISL,TOTAL,1998,
ITA,TOTAL,1998,
LTU,TOTAL,1998,
LUX,TOTAL,1998,1486850
LVA,TOTAL,1998,
MNE,TOTAL,1998,
MKD,TOTAL,1998,
MLT,TOTAL,1998,
NLD,TOTAL,1998,448476
NOR,TOTAL,1998,
POL,TOTAL,1998,
PRT,TOTAL,1998,14662382
ROU,TOTAL,1998,
RS,TOTAL,1998,
SWE,TOTAL,1998,21056309
SVN,TOTAL,1998,
SVK,TOTAL,1998,
TUR,TOTAL,1998,
GBR,TOTAL,1998,144502206
AUT,INTL,1997,11777756
BEL,INTL,1997,15803944
BGR,INTL,1997,
CHE,INTL,1997,23008874
CYP,INTL,1997,
CZE,INTL,1997,
DEU,INTL,1997,79514768
DNK,INTL,1997,13910624
EST,INTL,1997,
GRC,INTL,1997,
ESP,INTL,1997,
FIN,INTL,1997,2810058
FRA,INTL,1997,
HRV,INTL,1997,
HUN,INTL,1997,
IRL,INTL,1997,
ISL,INTL,1997,
ITA,INTL,1997,
LTU,INTL,1997,
LUX,INTL,1997,1423244
LVA,INTL,1997,
MNE,INTL,1997,
MKD,INTL,1997,
MLT,INTL,1997,
NLD,INTL,1997,388187
NOR,INTL,1997,
POL,INTL,1997,
PRT,INTL,1997,10689250
ROU,INTL,1997,
RS,INTL,1997,
SWE,INTL,1997,12757214
SVN,INTL,1997,
SVK,INTL,1997,
TUR,INTL,1997,
GBR,INTL,1997,115209003
AUT,"NAT",1997,428645
BEL,"NAT",1997,1058
BGR,"NAT",1997,
CHE,"NAT",1997,1400396
CYP,"NAT",1997,
CZE,"NAT",1997,
DEU,"NAT",1997,16643072
DNK,"NAT",1997,2703849
EST,"NAT",1997,
GRC,"NAT",1997,
ESP,"NAT",1997,
FIN,"NAT",1997,
FRA,"NAT",1997,
HRV,"NAT",1997,
HUN,"NAT",1997,
IRL,"NAT",1997,
ISL,"NAT",1997,
ITA,"NAT",1997,
LTU,"NAT",1997,
LUX,"NAT",1997,
LVA,"NAT",1997,
MNE,"NAT",1997,
MKD,"NAT",1997,
MLT,"NAT",1997,
NLD,"NAT",1997,14998
NOR,"NAT",1997,
POL,"NAT",1997,
PRT,"NAT",1997,2342549
ROU,"NAT",1997,
RS,"NAT",1997,
SWE,"NAT",1997,6819561
SVN,"NAT",1997,
SVK,"NAT",1997,
TUR,"NAT",1997,
GBR,"NAT",1997,
AUT,TOTAL,1997,12206401
BEL,TOTAL,1997,15805002
BGR,TOTAL,1997,
CHE,TOTAL,1997,24409270
CYP,TOTAL,1997,
CZE,TOTAL,1997,
DEU,TOTAL,1997,96157840
DNK,TOTAL,1997,16614473
EST,TOTAL,1997,
GRC,TOTAL,1997,
ESP,TOTAL,1997,
FIN,TOTAL,1997,2810058
FRA,TOTAL,1997,
HRV,TOTAL,1997,
HUN,TOTAL,1997,
IRL,TOTAL,1997,
ISL,TOTAL,1997,
ITA,TOTAL,1997,
LTU,TOTAL,1997,
LUX,TOTAL,1997,1423244
LVA,TOTAL,1997,
MNE,TOTAL,1997,
MKD,TOTAL,1997,
MLT,TOTAL,1997,
NLD,TOTAL,1997,403185
NOR,TOTAL,1997,
POL,TOTAL,1997,
PRT,TOTAL,1997,13031799
ROU,TOTAL,1997,
RS,TOTAL,1997,
SWE,TOTAL,1997,19576775
SVN,TOTAL,1997,
SVK,TOTAL,1997,
TUR,TOTAL,1997,
GBR,TOTAL,1997,115209003
AUT,INTL,1996,10930030
BEL,INTL,1996,318366
BGR,INTL,1996,
CHE,INTL,1996,20649915
CYP,INTL,1996,
CZE,INTL,1996,
DEU,INTL,1996,74556691
DNK,INTL,1996,12892611
EST,INTL,1996,
GRC,INTL,1996,
ESP,INTL,1996,
FIN,INTL,1996,
FRA,INTL,1996,
HRV,INTL,1996,
HUN,INTL,1996,
IRL,INTL,1996,
ISL,INTL,1996,
ITA,INTL,1996,
LTU,INTL,1996,
LUX,INTL,1996,1272354
LVA,INTL,1996,
MNE,INTL,1996,
MKD,INTL,1996,
MLT,INTL,1996,
NLD,INTL,1996,356740
NOR,INTL,1996,
POL,INTL,1996,
PRT,INTL,1996,10094525
ROU,INTL,1996,
RS,INTL,1996,
SWE,INTL,1996,11519710
SVN,INTL,1996,
SVK,INTL,1996,
TUR,INTL,1996,
GBR,INTL,1996,105900412
AUT,"NAT",1996,411838
BEL,"NAT",1996,
BGR,"NAT",1996,
CHE,"NAT",1996,1442275
CYP,"NAT",1996,
CZE,"NAT",1996,
DEU,"NAT",1996,15580450
DNK,"NAT",1996,2806388
EST,"NAT",1996,
GRC,"NAT",1996,
ESP,"NAT",1996,
FIN,"NAT",1996,
FRA,"NAT",1996,
HRV,"NAT",1996,
HUN,"NAT",1996,
IRL,"NAT",1996,
ISL,"NAT",1996,
ITA,"NAT",1996,
LTU,"NAT",1996,
LUX,"NAT",1996,
LVA,"NAT",1996,
MNE,"NAT",1996,
MKD,"NAT",1996,
MLT,"NAT",1996,
NLD,"NAT",1996,15202
NOR,"NAT",1996,
POL,"NAT",1996,
PRT,"NAT",1996,2166844
ROU,"NAT",1996,
RS,"NAT",1996,
SWE,"NAT",1996,6604369
SVN,"NAT",1996,
SVK,"NAT",1996,
TUR,"NAT",1996,
GBR,"NAT",1996,
AUT,TOTAL,1996,11341868
BEL,TOTAL,1996,318366
BGR,TOTAL,1996,
CHE,TOTAL,1996,22092190
CYP,TOTAL,1996,
CZE,TOTAL,1996,
DEU,TOTAL,1996,90137141
DNK,TOTAL,1996,15698999
EST,TOTAL,1996,
GRC,TOTAL,1996,
ESP,TOTAL,1996,
FIN,TOTAL,1996,
FRA,TOTAL,1996,
HRV,TOTAL,1996,
HUN,TOTAL,1996,
IRL,TOTAL,1996,
ISL,TOTAL,1996,
ITA,TOTAL,1996,
LTU,TOTAL,1996,
LUX,TOTAL,1996,1272354
LVA,TOTAL,1996,
MNE,TOTAL,1996,
MKD,TOTAL,1996,
MLT,TOTAL,1996,
NLD,TOTAL,1996,371942
NOR,TOTAL,1996,
POL,TOTAL,1996,
PRT,TOTAL,1996,12261369
ROU,TOTAL,1996,
RS,TOTAL,1996,
SWE,TOTAL,1996,18124079
SVN,TOTAL,1996,
SVK,TOTAL,1996,
TUR,TOTAL,1996,
GBR,TOTAL,1996,105900412
AUT,INTL,1995,10266440
BEL,INTL,1995,
BGR,INTL,1995,
CHE,INTL,1995,20262378
CYP,INTL,1995,
CZE,INTL,1995,
DEU,INTL,1995,71512399
DNK,INTL,1995,11995087
EST,INTL,1995,
GRC,INTL,1995,
ESP,INTL,1995,
FIN,INTL,1995,
FRA,INTL,1995,
HRV,INTL,1995,
HUN,INTL,1995,
IRL,INTL,1995,
ISL,INTL,1995,
ITA,INTL,1995,
LTU,INTL,1995,
LUX,INTL,1995,1259999
LVA,INTL,1995,
MNE,INTL,1995,
MKD,INTL,1995,
MLT,INTL,1995,
NLD,INTL,1995,326935
NOR,INTL,1995,
POL,INTL,1995,
PRT,INTL,1995,
ROU,INTL,1995,
RS,INTL,1995,
SWE,INTL,1995,10514498
SVN,INTL,1995,
SVK,INTL,1995,
TUR,INTL,1995,
GBR,INTL,1995,101972969
AUT,"NAT",1995,384820
BEL,"NAT",1995,
BGR,"NAT",1995,
CHE,"NAT",1995,1416674
CYP,"NAT",1995,
CZE,"NAT",1995,
DEU,"NAT",1995,15761139
DNK,"NAT",1995,2641052
EST,"NAT",1995,
GRC,"NAT",1995,
ESP,"NAT",1995,
FIN,"NAT",1995,
FRA,"NAT",1995,
HRV,"NAT",1995,
HUN,"NAT",1995,
IRL,"NAT",1995,
ISL,"NAT",1995,
ITA,"NAT",1995,
LTU,"NAT",1995,
LUX,"NAT",1995,
LVA,"NAT",1995,
MNE,"NAT",1995,
MKD,"NAT",1995,
MLT,"NAT",1995,
NLD,"NAT",1995,13229
NOR,"NAT",1995,
POL,"NAT",1995,
PRT,"NAT",1995,
ROU,"NAT",1995,
RS,"NAT",1995,
SWE,"NAT",1995,6875735
SVN,"NAT",1995,
SVK,"NAT",1995,
TUR,"NAT",1995,
GBR,"NAT",1995,
AUT,TOTAL,1995,10651260
BEL,TOTAL,1995,
BGR,TOTAL,1995,
CHE,TOTAL,1995,21679052
CYP,TOTAL,1995,
CZE,TOTAL,1995,
DEU,TOTAL,1995,87273538
DNK,TOTAL,1995,14636139
EST,TOTAL,1995,
GRC,TOTAL,1995,
ESP,TOTAL,1995,
FIN,TOTAL,1995,
FRA,TOTAL,1995,
HRV,TOTAL,1995,
HUN,TOTAL,1995,
IRL,TOTAL,1995,
ISL,TOTAL,1995,
ITA,TOTAL,1995,
LTU,TOTAL,1995,
LUX,TOTAL,1995,1259999
LVA,TOTAL,1995,
MNE,TOTAL,1995,
MKD,TOTAL,1995,
MLT,TOTAL,1995,
NLD,TOTAL,1995,340164
NOR,TOTAL,1995,
POL,TOTAL,1995,
PRT,TOTAL,1995,
ROU,TOTAL,1995,
RS,TOTAL,1995,
SWE,TOTAL,1995,17390233
SVN,TOTAL,1995,
SVK,TOTAL,1995,
TUR,TOTAL,1995,
GBR,TOTAL,1995,101972969
AUT,INTL,1994,9132041
BEL,INTL,1994,
BGR,INTL,1994,
CHE,INTL,1994,19249618
CYP,INTL,1994,
CZE,INTL,1994,
DEU,INTL,1994,66031294
DNK,INTL,1994,10575864
EST,INTL,1994,
GRC,INTL,1994,
ESP,INTL,1994,
FIN,INTL,1994,
FRA,INTL,1994,
HRV,INTL,1994,
HUN,INTL,1994,
IRL,INTL,1994,
ISL,INTL,1994,
ITA,INTL,1994,
LTU,INTL,1994,
LUX,INTL,1994,1188425
LVA,INTL,1994,
MNE,INTL,1994,
MKD,INTL,1994,
MLT,INTL,1994,
NLD,INTL,1994,308738
NOR,INTL,1994,
POL,INTL,1994,
PRT,INTL,1994,
ROU,INTL,1994,
RS,INTL,1994,
SWE,INTL,1994,6843164
SVN,INTL,1994,
SVK,INTL,1994,
TUR,INTL,1994,
GBR,INTL,1994,96787552
AUT,"NAT",1994,400503
BEL,"NAT",1994,
BGR,"NAT",1994,
CHE,"NAT",1994,1362461
CYP,"NAT",1994,
CZE,"NAT",1994,
DEU,"NAT",1994,
DNK,"NAT",1994,
EST,"NAT",1994,
GRC,"NAT",1994,
ESP,"NAT",1994,
FIN,"NAT",1994,
FRA,"NAT",1994,
HRV,"NAT",1994,
HUN,"NAT",1994,
IRL,"NAT",1994,
ISL,"NAT",1994,
ITA,"NAT",1994,
LTU,"NAT",1994,
LUX,"NAT",1994,
LVA,"NAT",1994,
MNE,"NAT",1994,
MKD,"NAT",1994,
MLT,"NAT",1994,
NLD,"NAT",1994,9876
NOR,"NAT",1994,
POL,"NAT",1994,
PRT,"NAT",1994,
ROU,"NAT",1994,
RS,"NAT",1994,
SWE,"NAT",1994,4891617
SVN,"NAT",1994,
SVK,"NAT",1994,
TUR,"NAT",1994,
GBR,"NAT",1994,
AUT,TOTAL,1994,9532544
BEL,TOTAL,1994,
BGR,TOTAL,1994,
CHE,TOTAL,1994,20612079
CYP,TOTAL,1994,
CZE,TOTAL,1994,
DEU,TOTAL,1994,66031294
DNK,TOTAL,1994,10575864
EST,TOTAL,1994,
GRC,TOTAL,1994,
ESP,TOTAL,1994,
FIN,TOTAL,1994,
FRA,TOTAL,1994,
HRV,TOTAL,1994,
HUN,TOTAL,1994,
IRL,TOTAL,1994,
ISL,TOTAL,1994,
ITA,TOTAL,1994,
LTU,TOTAL,1994,
LUX,TOTAL,1994,1188425
LVA,TOTAL,1994,
MNE,TOTAL,1994,
MKD,TOTAL,1994,
MLT,TOTAL,1994,
NLD,TOTAL,1994,318614
NOR,TOTAL,1994,
POL,TOTAL,1994,
PRT,TOTAL,1994,
ROU,TOTAL,1994,
RS,TOTAL,1994,
SWE,TOTAL,1994,11734781
SVN,TOTAL,1994,
SVK,TOTAL,1994,
TUR,TOTAL,1994,
GBR,TOTAL,1994,96787552
AUT,INTL,1993,8506043
BEL,INTL,1993,
BGR,INTL,1993,
CHE,INTL,1993,17876151
CYP,INTL,1993,
CZE,INTL,1993,
DEU,INTL,1993,60240266
DNK,INTL,1993,9610191
EST,INTL,1993,
GRC,INTL,1993,
ESP,INTL,1993,
FIN,INTL,1993,
FRA,INTL,1993,
HRV,INTL,1993,
HUN,INTL,1993,
IRL,INTL,1993,
ISL,INTL,1993,
ITA,INTL,1993,
LTU,INTL,1993,
LUX,INTL,1993,1052453
LVA,INTL,1993,
MNE,INTL,1993,
MKD,INTL,1993,
MLT,INTL,1993,
NLD,INTL,1993,293368
NOR,INTL,1993,
POL,INTL,1993,
PRT,INTL,1993,
ROU,INTL,1993,
RS,INTL,1993,
SWE,INTL,1993,5212198
SVN,INTL,1993,
SVK,INTL,1993,
TUR,INTL,1993,
GBR,INTL,1993,
AUT,"NAT",1993,387646
BEL,"NAT",1993,
BGR,"NAT",1993,
CHE,"NAT",1993,1360751
CYP,"NAT",1993,
CZE,"NAT",1993,
DEU,"NAT",1993,
DNK,"NAT",1993,
EST,"NAT",1993,
GRC,"NAT",1993,
ESP,"NAT",1993,
FIN,"NAT",1993,
FRA,"NAT",1993,
HRV,"NAT",1993,
HUN,"NAT",1993,
IRL,"NAT",1993,
ISL,"NAT",1993,
ITA,"NAT",1993,
LTU,"NAT",1993,
LUX,"NAT",1993,
LVA,"NAT",1993,
MNE,"NAT",1993,
MKD,"NAT",1993,
MLT,"NAT",1993,
NLD,"NAT",1993,10887
NOR,"NAT",1993,
POL,"NAT",1993,
PRT,"NAT",1993,
ROU,"NAT",1993,
RS,"NAT",1993,
SWE,"NAT",1993,
SVN,"NAT",1993,
SVK,"NAT",1993,
TUR,"NAT",1993,
GBR,"NAT",1993,
AUT,TOTAL,1993,8893689
BEL,TOTAL,1993,
BGR,TOTAL,1993,
CHE,TOTAL,1993,19236902
CYP,TOTAL,1993,
CZE,TOTAL,1993,
DEU,TOTAL,1993,60240266
DNK,TOTAL,1993,9610191
EST,TOTAL,1993,
GRC,TOTAL,1993,
ESP,TOTAL,1993,
FIN,TOTAL,1993,
FRA,TOTAL,1993,
HRV,TOTAL,1993,
HUN,TOTAL,1993,
IRL,TOTAL,1993,
ISL,TOTAL,1993,
ITA,TOTAL,1993,
LTU,TOTAL,1993,
LUX,TOTAL,1993,1052453
LVA,TOTAL,1993,
MNE,TOTAL,1993,
MKD,TOTAL,1993,
MLT,TOTAL,1993,
NLD,TOTAL,1993,304255
NOR,TOTAL,1993,
POL,TOTAL,1993,
PRT,TOTAL,1993,
ROU,TOTAL,1993,
RS,TOTAL,1993,
SWE,TOTAL,1993,5212198
SVN,TOTAL,1993,
SVK,TOTAL,1993,
TUR,TOTAL,1993,
GBR,TOTAL,1993,
